en,key,hash,source
"""Devil's Claw"" Sword",loc_weapon_family_combatsword_p1_m1,4239325F,keys
"""Devil's Claw"" Sword",loc_weapon_family_combatsword_p1_m2,5AC761B5,keys
"""Devil's Claw"" Sword",loc_weapon_family_combatsword_p1_m3,A1AE08DF,keys
++REDACTED++,loc_social_menu_no_account_name,B2CC7D33,keys
+1 Explosion on Energised Hit (Armoured Enemies).,loc_trait_bespoke_explosion_on_activated_attacks_on_armor_desc,7F80E0AB,keys
-- Ability Modifier description --,loc_glossary_talent_ability_modifier_desc,50117F2D,keys
-- Keystone Modifier description --,loc_glossary_talent_keystone_modifier_desc,4275DC9F,keys
-- Keystone description --,loc_glossary_talent_keystone_desc,D9B88CAA,keys
-- Operative Modifier description --,loc_glossary_talent_stat_desc,0BF5E800,keys
-- Passive description --,loc_glossary_talent_default_desc,68B359DF,keys
-- Resistant description --,loc_glossary_armour_type_resistant_desc,B9E8774E,keys
-- aura description --,loc_glossary_term_aura_desc,7F3DE08B,keys
-- class ability description --,loc_glossary_term_class_ability_desc,2FD2F08D,keys
A Critical Hit increases the base Damage of your next Attack by {melee:%s} (Melee) or {ranged:%s} (Ranged).,loc_talent_psyker_crits_empower_next_attack_description,6A8AC6B0,keys
A Critical Hit makes you count as Dodging against Ranged Attacks for {duration:%s}s.,loc_talent_psyker_dodge_after_crits_description,654D056C,keys
A successful Dodge grants {damage:%s} Damage Reduction for {duration:%s}s.,loc_talent_reduced_damage_after_dodge_description,D65317F7,keys
Abilities,loc_class_abilities_title,5D27C41F,keys
Abilities Used,loc_stat_display_abilities_used,28AB5CB3,keys
Ability,loc_glossary_term_class_ability,EDE72D3E,keys
Ability Modifier,loc_glossary_talent_ability_modifier,C34A5633,keys
Account Wallet,loc_main_menu_account_wallet_title,DCCA8A9E,keys
Activate,loc_talent_menu_tooltip_button_hint_first_level,66347C77,keys
Activate Power,loc_tg_weapon_special_powermaul_p3,CA40D777,keys
Activating Melee Specialist and Ranged Specialist replenishes {toughness:%s} Toughness. {cooldown:%s}s Cooldown for each.,loc_talent_veteran_weapon_switch_replenish_toughness_description,9A112DB1,keys
Activating Melee Specialist grants {stamina_reduction:%s} Stamina Cost Reduction for {duration:%s}s.,loc_talent_veteran_weapon_switch_stamina_reduction_description,32089382,keys
Activating Melee Specialist restores {stamina:%s} Stamina.,loc_talent_veteran_weapon_switch_replenish_stamina_description,3AA9E8FA,keys
Activating Ranged Specialist grants {reload_speed:%s} Reload Speed for {duration:%s}s.,loc_talent_veteran_weapon_switch_reload_speed_description,7620D1B5,keys
"Activating Ranged Specialist replenishes up to {ammo:%s} of your missing ammo in your Clip from your Reserve, rounded up, for each stack.",loc_talent_veteran_weapon_switch_replenish_ammo_description,8E3D6E40,keys
Activating {talent_name:%s} Replenishes {toughness:%s} Toughness for each Stack.,loc_talent_adamant_exterminator_toughness_desc,1997C882,keys
Activating {talent_name:%s} at Max Stacks restores {cooldown:%s} Combat Ability Cooldown.,loc_talent_adamant_exterminator_ability_cooldown_desc,3C473F5C,keys
Activating {talent_name:%s} replenishes {toughness:%s} Toughness.,loc_talent_adamant_bullet_rain_toughness_desc,8CA7016D,keys
Adamant Will,loc_talent_adamant_forceful_stamina_block_and_push_alt,D182E514,keys
"Adds {min_stack_count:%s}-{max_stack_count:%s} stacks of 2.5% Brittleness to hit enemies, based on charge level.",loc_trait_bespoke_rend_armor_on_charged_shots_desc,363A7233,keys
Admonition Champion,loc_breed_display_name_cultist_captain,00065DB0,keys
Adrenaline,loc_term_glossary_adrenaline,C4F3B84D,game_source
Adrenaline Frenzy,loc_talent_broker_keystone_adrenaline_junkie,016DDA96,keys
"Affects Recoil, Spread and Sway after firing the weapon.",loc_stats_display_stability_stat_desc,E45EA7D1,keys
"Affects Stamina efficiency, as well as the length and speed of dashes.",loc_stats_display_defense_stat_desc,31E02F3D,keys
Agile,loc_trait_bespoke_dodge_count_reset_on_weakspot_hit,C9F41884,keys
Agile Engagement,loc_talent_veteran_kill_grants_damage_to_other_slot,5C365733,keys
Aim Down Sights,loc_ranged_attack_secondary_ads,21274199,game_source
Alice Hallowette,loc_npc_full_name_purser_a,4016F5AC,keys
"All Attacks have {smite_chance:%s} chance on Hit to {talent_name:%s} the target. This cannot occur while at critical Peril, and has a Cooldown of {time:%s}s.",loc_talent_psyker_smite_on_hit_desc,F3B40F4B,keys
All or Nothing,loc_trait_bespoke_power_bonus_scaled_on_stamina,C92A8C2A,keys
Allies affected also have {tdr:%s} Toughness Damage Reduction and {revive_speed:%s} Revive Speed.,loc_talent_adamant_drone_buff_talent_desc,3C253167,keys
Allies in Coherency Replenish {toughness:%s} of any Toughness that you Replenish.,loc_talent_veteran_allies_share_toughness_description,3200E897,keys
Allies in Coherency gain {crit_chance:%s} of the Critical Hit Chance granted by {talent_name:%s}.,loc_talent_zealot_shared_fanatic_rage_desc,6BC43D87,keys
"Allies inside your {talent_name:%s} replenish {toughness:%s} Toughness each second. When your {talent_name:%s} dissipates, all Allies inside gain {toughness_damage_reduction:%s} Toughness Damage Reduction for {duration:%s}s",loc_talent_psyker_force_field_grants_toughness_desc,FE5DBDD8,keys
Alt,loc_keyboard_input_alt,E2DC2FBB,keys
Always Prepared,loc_talent_veteran_weapon_switch_replenish_ammo,5FFFFAEB,keys
Ambuscade,loc_talent_zealot_increased_flanking_damage,5116647A,keys
Ammo,loc_stats_display_ammo_stat,3C457F93,keys
Ammo Belt,loc_talent_adamant_ammo_belt,3D362BB3,keys
Ammo Crate,loc_pickup_pocketable_ammo_crate_01,0450D46C,game_source
"Ammo Crates also restore Grenades.
Medi-Packs Heal {damage_heal:%s} faster, cleanse Corruption & Replenish {toughness:%s} Toughness per second.",loc_talent_veteran_better_deployables_description,2E81989A,keys
Ammo Stash,loc_talent_ogryn_increased_ammo,4D649644,keys
Anarchist,loc_talent_broker_aura_anarchist,9337FDEF,keys
Anoint in Blood,loc_talent_zealot_ranged_damage_increased_to_close,E5A06EB7,keys
Anointed,loc_item_weapon_rarity_3,66C095E3,keys
Anticipation,loc_talent_psyker_improved_dodge,3A1D92BC,keys
Apply {stacks:%s} stacks of Bleed on Enemies hit by {ability:%s}.,loc_talent_ogryn_bleed_on_bull_rush_desc,5F1E4B89,keys
Arbites Grenade,loc_talent_ability_adamant_grenade,F50A5B6D,keys
Arbites Grenade,loc_talent_ability_adamant_grenade_improved,1502F5E7,keys
Arbites Revelatum,loc_talent_adamant_dodge_grants_damage,CD99D258,keys
Arbites Shock Maul,loc_weapon_family_powermaul_p2_m1,F3D5449F,keys
Arbites Vigilant,loc_talent_adamant_forceful_refresh_on_ability,5A98C23B,keys
Arbitrator,loc_class_adamant_name,8BDF5D75,keys
Arbitrator,loc_class_adamant_title,F75C7696,keys
Arbitrator Armour,loc_talent_adamant_armor,05EF79D6,keys
Arc,loc_weapon_keyword_arc_weapon,62A1F542,keys
Arc Efficiency,loc_stats_display_arc_stat,32E685D5,keys
Arc Maul,loc_weapon_family_powermaul_p3_m1,C726A592,keys
Arc Rifle,loc_weapon_family_arc_rifle_p1_m1,2C376240,keys
Archivum Sycorax,loc_mission_name_cm_archives,642A0595,keys
Armour Piercing,loc_weapon_keyword_armor_piercing,24AD546D,keys
Armourbane,loc_trait_bespoke_rend_armor_on_charged_shots,C3565B9B,keys
Armoured Groaner,loc_chaos_armored_infected_breed_name,8721904C,keys
Armoured Pox Hound,loc_breed_display_name_chaos_armored_hound,6ED87050,keys
Armoury Exchange,loc_vendor_view_title,304F08D9,keys
Ascension Riser,loc_interactable_valve_ascension_riser,7F139D7A,uk_cache
Ascension Riser 31,loc_mission_name_dm_rise,51FD0A36,keys
Assail,loc_ability_psyker_blitz_throwing_knives,9CD7D808,keys
Assassin,loc_weapon_keyword_ninja_fencer,C51E902A,keys
Assassination,loc_mission_type_02_name,6C3F1D39,keys
Assault,loc_circumstance_assault_title,B35F8184,keys
Assault Chainaxe,loc_weapon_family_chainaxe_p1_m1,CA7DA17A,keys
Assault Chainaxe,loc_weapon_family_chainaxe_p1_m2,DB9F4F19,keys
Assault Chainsword,loc_weapon_family_chainsword_p1_m1,FD52F2A6,keys
Assault Chainsword,loc_weapon_family_chainsword_p1_m2,1E34B208,keys
Assignment Rank,loc_havoc_onboarding_order_title,0C9AABBD,game_source
Atonement,loc_circumstance_saints_core_default_title,D9677BBD,keys
Atonement (Hunting Grounds),loc_circumstance_saints_core_hunting_grounds_title,3E116F4E,keys
Atonement (Power Supply Interruption),loc_circumstance_saints_core_darkness_title,F732DF8C,keys
Atonement (Pox Gas),loc_circumstance_saints_core_gas_title,6BB424DD,keys
Atonement (Shock Troop Gauntlet),loc_circumstance_saints_core_waves_of_specials_title,0E7C934F,keys
Atonement (Ventilation Purge),loc_circumstance_saints_core_ventilation_title,5E782969,keys
Attacks Blocked,loc_stat_display_attacks_blocked,6CDEF844,keys
Attacks Dodged,loc_stat_display_attacks_dodged,F18C0297,keys
Attention Seeker,loc_talent_ranged_enemies_taunt,0BD15ECE,keys
Aura,loc_glossary_term_aura,6C7317E3,keys
Auric,loc_group_finder_difficulty_auric,E758679F,keys
Back,loc_class_selection_button_back,1E5B8461,keys
Back,loc_settings_menu_close_menu,EED1B733,keys
Back,loc_view_back,43E3B3D5,keys
Backstab Kills restore {ability_cooldown:%s} Ability Cooldown.,loc_talent_zealot_backstab_kills_restore_cd_description,9A58ED97,keys
Backstabber,loc_talent_zealot_increased_backstab_damage,5730DC87,keys
Banishing Light,loc_talent_zealot_channel_staggers,8E8044DB,keys
Barber-Chirurgeon,loc_body_shop_view_display_name,887A7048,keys
Bash,loc_weapon_special_weapon_bash,08239F1E,game_source
Batter,loc_talent_ogryn_bleed_on_multiple_hit,E541397F,keys
Battle Maul & Slab Shield,loc_weapon_family_ogryn_powermaul_slabshield_p1_m1,006B316E,keys
Battle Maul & Slab Shield,loc_weapon_family_ogryn_powermaul_slabshield_p1_m2,489ED685,keys
Battle Meditation,loc_talent_psyker_base_2,91B8623F,keys
Battle for Tertium,loc_player_journey_battle,173EAF61,keys
Beacon of Purity,loc_talent_zealot_corruption_healing_coherency_improved,F1AC826D,keys
Beast of Nurgle,loc_breed_display_name_chaos_beast_of_nurgle,C6D45D9E,keys
Becalming Eruption,loc_talent_psyker_shout_reduces_warp_charge_generation,CC0D1EC0,keys
Become uninterruptible while charging Heavy Melee Attacks.,loc_talent_ogryn_windup_is_uninterruptible_desc,C34383B1,keys
"Bell, Book and Candle",loc_talent_zealot_3_tier_4_ability_2,F813280D,keys
Benediction,loc_talent_zealot_aura_efficiency,FC382324,keys
Big Boom,loc_talent_ogryn_increase_explosion_radius,515CF8BE,keys
Big Box of Hurt,loc_ability_ogryn_grenade_box,848C694F,keys
Big Friendly Rock,loc_ability_ogryn_friend_rock,FF2A25BD,keys
Big Lungs,loc_talent_ogryn_taunt_radius_increase,4D9AFB30,keys
Bio-Lodestone,loc_talent_psyker_increase_empower_chain_lighting_chance,05299D2A,keys
Blades of Faith,loc_ability_zealot_throwing_knifes,7BB3E9EB,keys
Blast Damage,loc_stats_display_explosion_damage_stat,724F9625,keys
Blast Radius,loc_stats_display_explosion_stat,8B1A89F1,keys
Blaze Force Greatsword,loc_weapon_family_forcesword_2h_p1_m1,67F4F52C,keys
Blaze Force Greatsword,loc_weapon_family_forcesword_2h_p1_m2,F6519CB6,keys
Blaze Force Sword,loc_weapon_family_forcesword_p1_m1,936EB9DC,keys
Blaze Force Sword,loc_weapon_family_forcesword_p1_m2,58F7DFCF,keys
Blaze Force Sword,loc_weapon_family_forcesword_p1_m3,CBA51C49,keys
Blazing Piety,loc_talent_zealot_fanatic_rage,E87AFD11,keys
Bleed for the Emperor,loc_talent_zealot_3_tier_3_ability_2,8391B055,keys
Blessed Armament,loc_talent_adamant_stance_ranged_kills_transfer_ammo,90BEEAF5,keys
Blinder,loc_talent_broker_blitz_flash_grenade,6FA18120,keys
Blitz,loc_tactical_overlay_build_blitz,4BED9EEA,keys
"Blitz explosions infect Enemies with stacks of {toxin:%s} differently, depending on your chosen Blitz.

{blinder:%s}: {blinder_stacks:%s} stacks.
{missile_launcher:%s}: {missile_launcher_stacks:%s} stacks.
{chem_grenade:%s}: {chem_grenade_stacks:%s} stacks.",loc_talent_broker_passive_blitz_inflicts_toxin_desc_02,8757C0F2,keys
Blitzes Used,loc_stat_display_blitzes_used,C26EC4D5,keys
Blocked,loc_social_menu_player_blocked,521DB57D,keys
Blocking an Attack reduces your Push Cost by {push_cost_multiplier:%s} for {duration:%s}s.,loc_talent_ogryn_blocking_reduces_push_cost_desc,6C8DC539,keys
Blocking or Pushing Enemies Taunts them for {duration:%s}s.,loc_talent_ranged_enemies_taunt_description,A01A7F7F,keys
Blood Redemption,loc_talent_zealot_toughness_on_melee_kill,AAA46810,keys
Bloodlust,loc_talent_adamant_stance_bloodlust,F426A613,keys
Bolstered Shield,loc_talent_psyker_force_field_charges,DCC7895A,keys
Bolt Pistol,loc_weapon_family_boltpistol_p1_m1,5AAA647A,keys
Bolt Pistol,loc_weapon_family_boltpistol_p1_m2,4EB1D2D5,keys
Bombs Away!,loc_talent_bonebreaker_grenade_super_armor_explosion,173A91DC,keys
Bone Saw,loc_weapon_family_saw_p1_m1,AEB0DBDC,keys
Bonebreaker,loc_talent_ogryn_2_base_1,CBBEFF3B,keys
Bonebreaker's Aura,loc_talent_damage_aura,3E5B6E34,keys
Bonus to Quelling the wielder's Peril or Venting the Weapon's Overcharge (as appropriate).,loc_stats_display_vent_speed_desc,1B9E76EA,keys
Boom Bringer,loc_talent_broker_blitz_missile_launcher,A29EE6E4,keys
Born Leader,loc_talent_veteran_allies_share_toughness,8F81679C,keys
Born in Blood,loc_trait_bespoke_toughness_on_close_range_kills,22EA2FAB,keys
Both Barrels,loc_trait_bespoke_reload_speed_on_ranged_weapon_special_kill,5EA2E09A,keys
Braced Autogun,loc_weapon_family_autogun_p2_m1,C9963AD6,keys
Braced Autogun,loc_weapon_family_autogun_p2_m2,3860869C,keys
Braced Autogun,loc_weapon_family_autogun_p2_m3,51CC2D68,keys
Brain Burst,loc_ability_psyker_smite,6F06E398,keys
Brain Rupture,loc_talent_psyker_brain_burst_improved,C3B5CEFD,keys
Breaching Charge,loc_action_interaction_setup_breach_charge,01D599EF,uk_cache
Break the Line,loc_talent_adamant_charge_ability_name,C274EA7A,keys
Breaking Dissent,loc_talent_adamant_damage_vs_staggered_aura,66408E93,keys
Bring it Down!,loc_talent_veteran_big_game_hunter,3FD6B675,keys
Bruiser,loc_talent_ogryn_cooldown_on_elite_kills,B17401B3,keys
Brunt,loc_npc_short_name_quarter_master_a,B6A533DD,keys
Brunt's Armoury,loc_credits_goods_vendor_title_text,AD1C7251,game_source
Brute Conscripts,loc_circumstance_live_abhuman_01_title,E85D7D9B,keys
Brute Conscripts plus Hi-Intensity Hunting Grounds,loc_circumstance_live_abhuman_02_title,F3174893,keys
Brute Conscripts plus Hi-Intensity Shock Troop Gauntlet,loc_circumstance_live_abhuman_07_title,167AE85E,keys
Brutes and Blasts,loc_circumstance_abhuman_explosions_default_title,63A4ABE1,keys
Brutes and Blasts (Power Supply Interruption),loc_circumstance_abhuman_explosions_darkness_title,4D57112D,keys
Brutes and Blasts (Pox Gas),loc_circumstance_abhuman_explosions_gas_title,A08F83BA,keys
Brutes and Blasts (Ventilation Purge),loc_circumstance_abhuman_explosions_ventilation_title,B5E0CC73,keys
Brutes and Blasts plus Hunting Grounds,loc_circumstance_abhuman_explosions_hunting_grounds_title,54350035,keys
Brutes and Blasts plus Shock Troop Gauntlet,loc_circumstance_abhuman_explosions_waves_of_specials_title,DEEEF5FB,keys
Brutish Momentum,loc_talent_ogryn_heavy_hitter_light_attacks_refresh,9A3DB1D2,keys
Bull Rush,loc_ability_ogryn_charge,80D4E4D1,keys
Bullet Bravado,loc_talent_ogryn_special_ammo_toughness,BE8BB1A2,keys
Bully Club,loc_weapon_family_ogryn_club_p2_m1,4D85870C,keys
Bully Club,loc_weapon_family_ogryn_club_p2_m2,55372FFF,keys
Bully Club,loc_weapon_family_ogryn_club_p2_m3,81F6E631,keys
Bulwark,loc_breed_display_name_chaos_ogryn_bulwark,87A11DD6,keys
Burn,loc_stats_display_burn_stat,2A781A57,keys
Burst Limiter Override,loc_talent_ogryn_chance_to_not_consume_ammo,2E5D14E3,keys
Burst-fire,loc_weapon_keyword_burst,A44BF1F0,keys
By Crack of Bone,loc_talent_psyker_melee_weaving,09E1A8BC,keys
Cadet,loc_havoc_militarium_rank_02,63CBA7B6,keys
Camouflage,loc_talent_veteran_snipers_focus_stacks_on_still,670A7F36,keys
Can Opener,loc_trait_bespoke_armor_rending_bayonette,9011C283,keys
Can store up to {soul_amount:%s} Warp Charges.,loc_talent_psyker_increased_souls_desc,E69BF6D1,keys
Cancel,loc_popup_button_cancel,14D07AE7,keys
Cancel,loc_popup_button_cancel_settings_reset_default,3895D787,keys
Canine Morale,loc_talent_adamant_pinning_dog_kills_buff_allies,4FBC08D1,keys
Capacitance,loc_talent_cryptic_power_keyword,ECC15A9F,keys
Captain,loc_npc_full_name_enemy_captain_officer_a,03310CA9,game_source
Carapace Armoured,loc_weapon_stats_display_super_armor,33E005B0,keys
Carnival Nights,loc_circumstance_player_journey_08_title,165509FC,keys
Cartel Special,loc_talent_broker_stimm,7A34C61A,keys
Cartel's Favours,loc_circumstance_broker_stimms_gas_title,FBC6FA90,keys
Cartel's Favours (Hunting Grounds),loc_circumstance_broker_stimms_hunting_grounds_title,22035139,keys
Cartel's Favours (Shock Troop Gauntlet),loc_circumstance_broker_stimms_waves_of_specials_title,B9FD3EC3,keys
Castigator's Stance,loc_talent_adamant_stance_ability_name,126C5EF0,keys
"Casting Spells builds {#color(216,237,190)}Peril{#reset()}. Too much {#color(216,237,190)}Peril{#reset()} is lethal.

Quell to reduce {#color(216,237,190)}Peril{#reset()}.",loc_ranged_warp_charge_desc,1E1F2C55,keys
Catch a Breath,loc_talent_veteran_replenish_toughness_outside_melee,F5A9FBB6,keys
Cause an Explosion at your Cyber-Mastiff's Location. Staggering and Electrocuting nearby Enemies. {max_charges:%s} Charges. {cooldown:%s}s Cooldown.,loc_talent_ability_detonate_description,29C13C22,keys
Celerity Stimm,loc_pickup_syringe_pocketable_04,353BECFE,game_source
Chance of landing a Critical Hit and how much Damage it will do.,loc_stats_display_crit_stat_desc,FD10F5AC,keys
Change Operative,loc_exit_to_main_menu_display_name,901687D8,keys
Channeled Force,loc_talent_psyker_force_staff_bonus,4DF98799,keys
Channeling {stacks:%s} pulses grants {damage:%s} Damage to you and Allies in Coherency. Lasts {duration:%s}s.,loc_talent_zealot_zealot_channel_grants_offensive_buff_desc,EB4C6FAC,keys
Channeling {stacks:%s} pulses grants {toughness:%s} Toughness Damage Reduction to you and Allies in Coherency. Lasts {duration:%s}s.,loc_talent_zealot_zealot_channel_grants_defensive_buff_desc,1E913F03,keys
Chaos Spawn,loc_breed_display_name_chaos_spawn,0F92C566,keys
Charge Rate,loc_stats_display_charge_speed,D8388E8F,keys
"Charge forward with great force, knocking back Enemies and Staggering them. Gain {attack_speed:%s} Attack Speed and {move_speed:%s} Movement Speed for {duration:%s}s. Charge is stopped on collision with Monstrosities.

Base Cooldown: {cooldown:%s}s

This is an augmented version of {talent_name:%s} with an increased charge distance of {distance:%s}.",loc_talent_ogryn_bull_rush_distance_desc,64C5F9DE,keys
"Charge forward with great force, knocking back enemies and Staggering them. Gain {attack_speed%s} Attack Speed and {move_speed%s} Movement Speed for {duration%s}s. Charge is stopped on collision with Carapace Armoured Enemies, Unyielding Enemies and Monstrosities.

Base Cooldown: {cooldown%s}s.",loc_ability_ogryn_charge_description_new,8E6BF564,keys
"Charge forward, knocking enemies back gaining {attack_speed:%d} Attack Speed and {move_speed:%d} Movement Speed for {duration:%d}s.",loc_ability_ogryn_charge_description,ECC85536,keys
Charge the ability to deal high Damage to a single target. ,loc_ability_psyker_smite_description,88C37E9B,keys
Charge up your Psychic Power and release it to deal high Damage to a Single Enemy.,loc_ability_psyker_smite_description_new,C4358C2E,keys
"Charge up your Psychic Power and release it to deal immense Damage to a Single Enemy.

This is an augmented version of {talent_old:%s} dealing {damage:%s} Damage.",loc_talent_psyker_brain_burst_improved_description,681E4980,keys
Charged Attack,loc_weapon_keyword_charged_attack,F5CD1F4B,keys
Charged Strike,loc_talent_psyker_chain_lightning_heavy_attacks,B2C5EB1F,keys
Charged Swings,loc_weapon_keyword_heavy_windup,C2CC634E,keys
Charged Up,loc_talent_psyker_increased_empowered_chain_lightning_stacks,AE374526,keys
Charismatic,loc_talent_veteran_increased_aura_radius,6B06D648,keys
Charmed Reload,loc_trait_bespoke_ammo_refill_from_reserve_on_crit,0C513155,keys
Chasm Logistratum,loc_mission_name_lm_rails,86A7A2AB,keys
Chasm Station HL-16-11,loc_mission_name_km_station,4457A602,keys
Chasm Terminus,loc_zone_name_transit_short,8BE6B526,keys
Chastise the Wicked,loc_talent_zealot_2_combat,B89423E1,keys
Chem,loc_weapon_keyword_chem,3D6EB897,keys
Chem Grenade,loc_talent_broker_blitz_tox_grenade,5ECC7244,keys
Chem Toxin,loc_term_glossary_broker_toxin,5EA7EDC3,game_source
Chemical Dependency,loc_talent_broker_keystone_chemical_dependency,3C3F00CA,keys
Chink in their Armour,loc_talent_veteran_snipers_focus_rending_bonus,7387777E,keys
Chorus of Spiritual Fortitude,loc_talent_zealot_bolstering_prayer,B1A2EE76,keys
Circumstance more Witches,loc_circumstance_more_witches_title,684EC1E3,keys
Circumstance more specials,loc_circumstance_more_specials_title,444FB4A1,keys
Cirumstance More Hordes header,loc_circumstance_more_hordes_title,5FBE2012,keys
Cirumstance more Monsters,loc_circumstance_more_monsters_title,D7B5DF71,keys
Clandestium Gloriana,loc_mission_name_core_research,B50F8218,keys
Cleansing Prayer,loc_talent_zealot_3_passive_4,B1CEB124,keys
Cleave Boost,loc_talent_cleave_boost_medium,5583CB92,keys
Cleave Damage,loc_stats_display_cleave_damage_stat,312A9C07,keys
Cleave Efficiency,loc_stats_display_cleave_damage_and_targets_stat,CE6196B7,keys
Cleave Targets,loc_stats_display_cleave_targets_stat,8117D9A3,keys
Cleaver,loc_weapon_family_ogryn_combatblade_p1_m1,19B02449,keys
Cleaver,loc_weapon_family_ogryn_combatblade_p1_m2,286C321A,keys
Cleaver,loc_weapon_family_ogryn_combatblade_p1_m3,044DF70B,keys
Cleaving Strike,loc_weapon_keyword_high_cleave,F7477FA3,keys
Close,loc_popup_button_close,C31844ED,keys
Close Combat,loc_weapon_keyword_close_combat,5258FC5D,keys
Close Order Drill,loc_talent_veteran_toughness_damage_reduction_per_ally,A8E1785B,keys
Close Quarters Killzone,loc_talent_veteran_ability_assault,75036F13,keys
"Close Range, High Damage, Charge",loc_archetype_specialization_zealot_maniac_description_short,CB08D1EF,keys
Close and Kill,loc_talent_veteran_movement_speed_coherency,1DD7C30C,keys
Cloud Radius,loc_stats_display_flame_size_stat,C61865D6,keys
Collateral,loc_stats_display_control_stat_ranged,CF0543E2,keys
Collect {count:%d} {kind:%s},loc_contracts_task_label_collect_resources,91410FB3,keys
Combat Ability Cooldown reduced by {duration:%s}s on Specialist Enemy Kill.,loc_talent_veteran_elite_kills_reduce_cooldown_desc,B66928BA,keys
Combat Axe,loc_weapon_family_combataxe_p1_m1,34539726,keys
Combat Axe,loc_weapon_family_combataxe_p1_m2,47B5A6BA,keys
Combat Axe,loc_weapon_family_combataxe_p1_m3,877D959D,keys
Combat Blade,loc_weapon_family_combatknife_p1_m1,52BC1474,keys
Combat Blade,loc_weapon_family_combatknife_p1_m2,F9A9605B,keys
Combat Shotgun,loc_weapon_family_shotgun_p1_m1,D0BDE35C,keys
Combat Shotgun,loc_weapon_family_shotgun_p1_m2,653C203F,keys
Combat Shotgun,loc_weapon_family_shotgun_p1_m3,5D6766F7,keys
Combat Stimm,loc_pickup_syringe_pocketable_03,75F91CC9,game_source
Commendation from Condemnation,loc_talent_adamant_charge_toughness_name,1F97A4E8,keys
Commissar Dukane,loc_npc_full_name_commissar_a,43F35D8D,keys
Commissary,loc_cosmetics_vendor_view_title,6DC8553A,keys
Commodore's Vestures,loc_item_source_premium_store,E2E4DE7E,game_source
Comms-Plex 154/2f,loc_mission_name_hm_complex,D106A294,keys
Companion,loc_arbites_customization_dog_title,3FF1128E,game_source
Competitive Urge,loc_talent_veteran_ally_kills_increase_damage,9D5CB643,keys
Complete a Havoc Assignment,loc_havoc_reward_objective_order,E478DABD,keys
Complete {count:%d} missions,loc_contracts_task_label_complete_missions,26FCB34A,keys
Complete {count:%d} missions with no player deaths,loc_contracts_task_label_complete_mission_no_death,74D16BAC,keys
Concentration Stimm,loc_pickup_syringe_pocketable_02,752E775C,game_source
Concussive,loc_talent_adamant_melee_weakspot_hits_count_as_stagger,CC861343,keys
Conditioning,loc_talent_veteran_weapon_switch_stamina_reduction,FAD1D72B,keys
Confident Strike,loc_trait_bespoke_toughness_recovery_on_chained_attacks,A38B21E9,keys
Confirm,loc_popup_button_confirm,EB64E96B,keys
Confirm,loc_popup_button_settings_reset_default,3E538D39,keys
Confirmed Kill,loc_talent_veteran_toughness_on_elite_kill,2DDBFE9B,keys
Connect with other players,loc_social_view_display_name_description,5F34C35F,keys
Conscript,loc_havoc_militarium_rank_01,5D793DC6,keys
Consignment Yard HL-17-36,loc_mission_name_fm_cargo,BCFEB333,keys
Contaminated Stimms,loc_havoc_stimmed_minions_name,8C614EAE,keys
Continuous hits to a Single Target applies {rending_multiplier:%s} Brittleness for {duration:%s} seconds to the target. Stacks {max_stacks:%s} times.,loc_talent_veteran_continous_hits_apply_rending_description,29626C69,keys
Contract completion reward:,loc_contracts_contract_reward_label,B0C6E2AB,keys
Contracts,loc_contracts_view,6FF0C82E,game_source
Corrupted Communications Devices,loc_objective_side_mission_communications_hack,29563B2B,keys
Corruption,loc_corruption_tutorial,25AE8EF7,game_source
Counter-Fire,loc_talent_veteran_combat_ability_ranged_enemies_outlines,7B0F97A3,keys
Covering Fire,loc_talent_veteran_replenish_toughness_and_boost_allies,8C3AE6D0,keys
Coward Culling,loc_talent_ogryn_damage_vs_suppressed,C8846F9A,keys
"Cower, Miscreants!",loc_talent_adamant_damage_vs_suppressed,966E20B7,keys
Cragtown,loc_depths_chasm_short,7FB1E4D2,keys
Cranial Corruption,loc_havoc_enemies_parasite_headshot_name,F4410696,keys
Credits,loc_credits_view_title,9DE5D2E8,keys
Creeping Flames,loc_talent_psyker_warpfire_on_shout,E809F338,keys
Critical,loc_weapon_details_crit,2F6C0A0B,game_source
Critical Bonus,loc_stats_display_crit_stat,E8EB5F4A,keys
Critical Chance Boost,loc_talent_crit_chance_low,3EC7F5EF,keys
Critical Hits also count up towards triggering Fury.,loc_talent_zealot_fanatic_rage_crits_desc,8365D45A,keys
Critical Hits ignore Hit Mass bonus from Armour. {crit_damage} Melee Critical Hit Damage.,loc_trait_bespoke_pass_past_armor_on_crit_new_desc,0719AAB6,keys
"Critical Hits replenish {toughness:%s} Toughness.

Also grants {movement_speed:%s} increased Movement Speed for {seconds:%s}s. Stacks {stacks:%s} times.",loc_talent_psyker_crits_regen_tougness_and_movement_speed_description,253C947D,keys
Critical Hits spend Ammo from your Reserve instead of your current fuel tank.,loc_trait_bespoke_ammo_spent_from_reserve_on_crit_desc,E0EB4441,keys
Critical Hits with Las-weapons consume no Ammo.,loc_talent_veteran_no_ammo_consumption_on_lasweapon_crit_desc,DB8F86C6,keys
Critical hit chance scales by your current heat level up to {crit_chance:%s}. Also increases critical ranged attacks damage by {ranged_crit_damage:%s}.,loc_trait_bespoke_crit_chance_scaled_on_heat_desc,D4CD4A65,keys
Crowbar,loc_weapon_family_crowbar_p1_m1,60196627,keys
Crowd Control,loc_stats_display_control_stat_melee,B660EA46,keys
Crowd Control,loc_weapon_keyword_crowd_control,5B010253,keys
Crucian Roulette,loc_trait_bespoke_crit_chance_based_on_ammo_left,4B48AA5C,keys
Cruel Fortune,loc_talent_psyker_mark_weakspot_stacks,1570663E,keys
Crunch!,loc_talent_ogryn_fully_charged_attacks_gain_damage_and_stagger,43E35DC2,keys
Cruncher,loc_weapon_family_ogryn_hammer_2h_p1_m1,6FA98C76,keys
Cruncher,loc_weapon_family_ogryn_hammer_2h_p1_m2,56E7BC69,keys
Cruncher,loc_weapon_family_ogryn_hammer_2h_p1_m3,766C3DB5,keys
Crusher,loc_breed_display_name_chaos_ogryn_executor,C221E752,keys
Crusher,loc_weapon_family_powermaul_2h_p1_m1,029552DB,keys
Crusher,loc_weapon_family_powermaul_2h_p1_m2,DE236AB1,keys
Crystalline Will,loc_talent_psyker_alternative_peril_explosion,FEF3E1DE,keys
Ctrl,loc_keyboard_input_ctrl,DB823D57,keys
Curio,loc_item_type_gadget,EA7DEE9F,game_source
Curios,loc_inventory_loadout_group_attachments,2BC7E06A,keys
"Customise your Wargear, Cosmetics and Talents.",loc_character_view_display_name_description,DCF4C0A7,keys
Cyber-Mastiff,loc_inventory_title_slot_companion_gear_full,222BE16D,uk_cache
Daemonhost,loc_breed_display_name_chaos_daemonhost,69FD22D7,keys
Daemonhost,loc_daemonhost_name,836E5F82,keys
Daemonhost Gormaggoth,loc_torment_daemonhost_name,FEE78E60,keys
Dam Workers Hab Delta-9,loc_depths_chasm_full,5A40ABD6,keys
Damage,loc_stats_display_damage_stat,79671E78,keys
Damage Dealt,loc_stat_display_damage_dealt,CF6E681B,keys
Damage delivered to additional Enemies Hit beyond the main target.,loc_stats_display_cleave_damage_stat_desc,31E3E0FC,keys
Damage inflicted by the powered up/activated attacks on Power Maul and similar power weapons.,loc_stats_display_power_output_desc,9C925059,keys
Damnation,loc_achievement_difficulty_05,16E29D41,keys
Damnation,loc_mission_board_danger_highest,3AD58FB8,keys
Dance of Death,loc_talent_zealot_improved_spread_post_dodge,3BE70E6B,keys
Dark Communion,loc_circumstance_player_journey_014_title,BE92060A,keys
Dark Communion,loc_mission_name_km_heresy,CD0A2BC2,keys
Dark Rituals,loc_circumstance_skulls_event_01_01_title,B2F8543F,keys
"Dash forward, Replenishing {toughness%s} Toughness. Your next Melee Hit gains {damage%s} Damage and is a guaranteed Critical Hit.

Base Cooldown: {cooldown:%s}s.",loc_talent_zealot_2_combat_description_new,0C7227BA,keys
"Dash forward, Replenishing {toughness%s} Toughness. Your next Melee Hit gains {damage:%s} Damage, has {rending:%s} Rending, and is a guaranteed Critical Hit.

Base Cooldown: {cooldown:%s}s.",loc_talent_zealot_2_combat_description_new_desc,0C843693,keys
"Dash forward, Replenishing {toughness:%d} Toughness. Your next Melee Hit gains {damage:%d} Damage and is a guaranteed Critical Hit.",loc_talent_zealot_2_combat_description,78F80234,keys
Dawn Mission,loc_expeditions_modifier_simple_theme_dawn,BA804705,keys
Deactivate,loc_talent_menu_tooltip_button_hint_remove_level_first,273C5DD9,keys
Deadside Run,loc_mission_name_exp_wastes,EAF5BF2A,keys
Deal up to {max_damage:%s} Damage (increases as your Peril increases).,loc_talent_psyker_damage_based_on_warp_charge_desc,BFD23655,keys
Deal up to {max_damage:%s} Ranged Base Damage. Bonus is reduced the nearer the target. ,loc_talent_veteran_increased_damage_based_on_range_desc,E92E3FAB,keys
Decreases Ability Cooldown for you and Allies in Coherency by {cooldown:%s} on Elite or Specialist Kill.,loc_talent_psyker_elite_kills_give_combat_ability_cd_coherency_desc,10DB9900,keys
Default,loc_setting_mix_preset_flat,2B601D19,game_source
Defences,loc_stats_display_defense_stat,21C53CB6,keys
Delayed Detonation,loc_weapon_keyword_delayed_detonation,1F8855D5,keys
Delight in Destruction,loc_talent_ogryn_damage_reduction_per_bleed,3984145B,keys
Delver's Pickaxe,loc_weapon_family_ogryn_pickaxe_2h_p1_m1,073ED3D4,keys
Delver's Pickaxe,loc_weapon_family_ogryn_pickaxe_2h_p1_m2,56E137FA,keys
Delver's Pickaxe,loc_weapon_family_ogryn_pickaxe_2h_p1_m3,349CE95C,keys
Demolition Stockpile,loc_talent_ranger_replenish_grenade,4762B23C,keys
Demolition Team,loc_talent_ranger_grenade_on_elite_kills_coop,45ACD50D,keys
Deny the Heretical,loc_talent_zealot_3_passive_3,0DB79754,keys
"Deploy a refitted Medi-Pack on the ground, bolstering you and your allies for {duration:%s}s. Operatives breathing the Pack’s gas heal up to {total_corruption_heal:%s} Corruption over time and become immune to it.

Additionally, if you have a Stimm equipped, {stimm_field:%s} will copy its contents and disperse them into the air, granting its effects to any nearby allies.

Base Cooldown: {cooldown:%s}s.",loc_talent_broker_ability_stimm_field_desc_3,81B45839,keys
"Deploy a refitted Medi-Pack on the ground, bolstering you and your allies. Operatives breathing the Pack’s gas heal up to {total_corruption_heal:%s} Corruption over time and become immune to it.

Additionally, if you have a Stimm equipped, {stimm_field:%s} will copy its contents and disperse them into the air, granting its effects to any nearby allies.

Base Cooldown: {cooldown:%s}s.",loc_talent_broker_ability_stimm_field_desc,AD019256,keys
"Deploy a {talent_name:%s} in the target direction.

Allies within {range:%s}m Replenish {toughness:%s} Toughness per second, gain {suppression:%s} Suppression Dealt, and {impact:%s} Impact.

Enemies within {range:%s}m have {damage_taken:%s} Damage Taken.

Lasts {duration:%s}s.",loc_talent_ability_area_buff_drone_description,DF69A660,keys
Desperado,loc_talent_broker_ability_focus,E77F3E99,keys
Desperado,loc_talent_veteran_increased_melee_crit_chance_and_melee_finesse,CD3136FE,keys
Desperation,loc_talent_zealot_increased_damage_on_low_stamina,00B548F8,keys
Determined,loc_talent_veteran_supression_immunity,829E5480,keys
Diamantine,loc_currency_name_diamantine,49C74921,game_source
Diligent Patrol,loc_achievement_missions_adamant_2_objective_1_name,C27B4B37,uk_cache
Direct hits apply {num_stacks:%s} Stacks of {rending_percentage:%s} Brittleness for {duration:%s}s. Stacks {max_stacks:%s} times,loc_trait_bespoke_armor_rending_from_dot_burning_desc,C674072F,keys
Disable,loc_action_interaction_disable,B0BE1BDD,uk_cache
Discard Items,loc_discard_items_button,2C2FC54B,keys
Disdain,loc_talent_zealot_3_tier_2_ability_1,0153EA4D,keys
Dispense Justice,loc_talent_adamant_bullet_rain_fire_rate,F8AC8972,keys
Disrupt Destiny,loc_talent_psyker_marked_enemies_passive,6A38907D,keys
Disruption,loc_mission_type_04_name,3BFE284C,keys
Do you wish to restore these settings to the Default Values?,loc_popup_description_settings_reset_default,4B276FAF,keys
Dodge Distance,loc_weapon_stats_display_dodge_distance,A51FC9DE,keys
"Dodge Speed is increased by {dodge_distance_modifier:%s}, and time considered Dodging by {dodge_linger_time:%s}s.",loc_talent_broker_passive_improved_dodges_desc_02,1CC9786F,keys
Dodges,loc_player_stats_element_stat_title_dodges,EC1BE8BB,uk_cache
"Dodging, Sprinting or Sliding to avoid ranged attacks grants {stamina:%d} Stamina.",loc_talent_ranger_stamina_on_ranged_dodge_desc,1E697596,keys
Dominate,loc_talent_ogryn_rending_on_elite_kills,111D199C,keys
Door,loc_interactable_door,019349C6,keys
Double Tap Tag,loc_setting_com_wheel_double_tap,C1591611,keys
Double-Barrelled Shotgun,loc_weapon_family_shotgun_p2_m1,3DE7E7A7,keys
Double-Barrelled Shotgun,loc_weapon_family_shotgun_p2_m3,CA916B42,keys
Down Arrow,loc_keyboard_input_arrow_down,26847FE4,keys
Dreg Bruiser,loc_breed_display_name_cultist_melee,48ACF4DA,keys
Dreg Gunner,loc_breed_display_name_cultist_gunner,5572A5FD,keys
Dreg Rager,loc_breed_display_name_cultist_berzerker,4387921B,keys
Dreg Ritualist,loc_breed_display_name_cultist_ritualist,47BAC918,keys
Dreg Shotgunner,loc_breed_display_name_cultist_shocktrooper,76875005,keys
Dreg Stalker,loc_breed_display_name_cultist_assault,3B97772D,keys
Dreg Tox Bomber,loc_breed_display_name_cultist_grenadier,A6528068,keys
Dreg Tox Flamer,loc_breed_display_name_cultist_flamer,314F9751,keys
Dreg Vanguard,loc_breed_display_name_cultist_vanguard,DCB74594,keys
Dreg or Scab Flamers,loc_breed_flamer_generic_desc,E5D43C48,keys
Dreg or Scab Grenadiers,loc_breed_grenadier_generic_desc,47DCC144,keys
Dreg or Scab Gunners,loc_breed_gunner_generic_desc,1ADE87A2,keys
Dreg or Scab Ragers,loc_breed_berzerker_generic_desc,68960F06,keys
Dreg or Scab Shotgunners,loc_breed_shocktrooper_generic_desc,BC349E21,keys
Drive them Back,loc_talent_adamant_cleave_after_push,F4653E5E,keys
Dual Autopistols,loc_weapon_family_dual_autopistols_p1_m1,4FCC7C0D,keys
Dual Stub Pistols,loc_weapon_family_dual_stubpistols_p1_m1,015301DA,keys
Duck and Dive,loc_talent_ranger_stamina_on_ranged_dodge,FEDE6EFE,keys
Duelling Sword,loc_weapon_family_combatsword_p3_m1,10B2EC0F,keys
Duelling Sword,loc_weapon_family_combatsword_p3_m2,0219D8DC,keys
Duelling Sword,loc_weapon_family_combatsword_p3_m3,ADEFF43B,keys
Duellist,loc_talent_zealot_increased_finesse_post_dodge,EA05E792,keys
During {stance_name:%s} your Cyber-Mastiff has {damage:%s} Damage.,loc_talent_adamant_stance_bloodlust_desc,BBBA1E4B,keys
"During {stance_name:%s}, each Elite or Specialist Kill grants {damage:%s} Damage. Lasting {duration:%s}s. {stacks:%s} Max Stacks.",loc_talent_adamant_stance_elite_kills_stack_damage_desc,4B6AF938,keys
"During {stance_name:%s}, ranged kills replenish up to {ammo:%s} of the total Ammo in your Clip from your Reserve, rounded up. {cooldown:%s}s Cooldown.",loc_talent_adamant_stance_ranged_kills_transfer_ammo_desc,A11BE21F,keys
Duty and Honour,loc_talent_veteran_combat_ability_increase_and_restore_toughness_to_coherency,0B0690E2,keys
Each pulse from {talent_name:%s} also Staggers & Suppresses Enemies. Range increases with every pulse.,loc_talent_zealot_channel_staggers_desc,F23D3312,keys
Ecclesiarch's Call,loc_talent_zealot_zealot_channel_grants_offensive_buff,1627F378,keys
Effective Range of the weapon before Damage fall-off kicks in.,loc_stats_display_range_stat_desc,E073AF95,keys
Efficiency,loc_trait_bespoke_first_shot_ammo_cost_reduction,18073829,keys
Efficient Killer,loc_talent_adamant_exterminator_toughness,4BDA8FE5,keys
Effluent Processing Hub,loc_lair_full,284ABD80,keys
Effluent Run-Off Delta-63,loc_nurgle_infested_sewers_full,0C19B8D9,keys
Effluent Run-Off Gamma-12,loc_cartel_sewers_full,B6FFE77D,keys
Electrokinetic Force Staff,loc_weapon_family_forcestaff_p3_m1,86C06997,keys
Elite Resistance,loc_circumstance_min_resistance_max_challenge_title,0944383F,keys
Elites Killed,loc_stat_display_elites_killed,3B75C3DE,keys
Empathic Evasion,loc_talent_psyker_dodge_after_crits,390D90D6,keys
Empowered Psionics,loc_talent_psyker_empowered_ability,9BAC9DAB,keys
Empyric Resolve,loc_talent_psyker_warp_glass_cannon,81E0C6D7,keys
Empyric Shock,loc_talent_psyker_force_staff_quick_attack_bonus,94DC0150,keys
Enclavum Baross,loc_mission_name_fm_resurgence,0B5BEA2F,keys
End of the Line,loc_circumstance_story_nomansland_01_title,3621525C,keys
Endless Hordes,loc_circumstance_endless_hordes_default_title,834B3739,keys
Endless Hordes (Hunting Grounds),loc_circumstance_endless_hordes_hunting_grounds_title,D62B7C17,keys
Endless Hordes (Power Supply Interruption),loc_circumstance_endless_hordes_darkness_title,D6F23063,keys
Endless Hordes (Pox Gas),loc_circumstance_endless_hordes_gas_title,634EB61B,keys
Endless Hordes (Shock Troop Gauntlet),loc_circumstance_endless_hordes_waves_of_specials_title,A84C6D3C,keys
Endless Hordes (Ventilation Purge),loc_circumstance_endless_hordes_ventilation_title,DF135645,keys
Enduring Faith,loc_talent_zealot_toughness_melee_effectiveness,8EF2C52D,keys
Enemies Staggered,loc_stat_display_enemies_staggered,E3CFF36F,keys
"Enemies Within, Enemies Without",loc_talent_zealot_toughness_regen_in_melee,3991C347,keys
Enemies affected by {talent_name:%s} take {base_damage:%s} Base Damage from all sources.,loc_talent_ogryn_taunt_damage_taken_increase_description,07B19158,keys
Enemies damaged by you take {damage:%s} more Damage for {duration:%s} seconds.,loc_talent_ogryn_targets_recieve_damage_increase_debuff_desc,9A140089,keys
Enemies knocked away by your Cyber Mastiff's Pounce have {stacks:%s} Stack(s) of Bleed applied to them.,loc_talent_adamant_dog_pounces_bleed_nearby_desc,549C0CDB,keys
"Enemy Melee Attacks cannot Stun you. On taking Damage, gain {movement_speed:%s} Movement Speed for {time:%s}s. ",loc_talent_zealot_movement_speed_on_damaged_desc,BDAF3EA6,keys
Energy Leakage,loc_power_bonus_scaled_on_heat,B56E85E7,keys
Enervating Threshold,loc_talent_psyker_force_field_stun_increased,122CFC3A,keys
Enforcer's Siege,loc_circumstance_player_journey_04_title,CBE086D1,keys
Engage,loc_talent_adamant_charge_longer_distance,1C63E9C7,keys
Enginseer KX-8,loc_npc_full_name_enginseer_a,7EFB3F40,keys
English,loc_group_finder_language_english,71623B95,uk_cache
Enhanced Actuators,loc_weapon_keyword_heavy_special_windup,5FB820C6,keys
Enhanced Target Priority,loc_talent_veteran_combat_ability_coherency_outlines,E386D7F9,keys
Enter,loc_keyboard_input_enter,DEAC1DAE,keys
"Enter Ranged Stance for {duration:%s}s. When in Ranged Stance you instantly equip your ranged weapon, deal {damage:%s} Ranged Damage, {weakspot_damage:%s} Ranged Weakspot Damage, and your Spread and Recoil are greatly reduced.

Human-sized Elite Enemies and Specialist Enemies are highlighted for {duration:%s}s.

Base Cooldown: {cooldown:%s}s.

This is an augmented version of {old_talent_name:%s}.",loc_talent_veteran_combat_ability_elite_and_special_outlines_description,2288C876,keys
Enter Sefoni's Theatres of Mortification and face her challenges.,loc_horde_title_desc,252B3A00,keys
"Enter Stealth for {duration:%s}s. While in Stealth gain {movement_speed:%s} Movement Speed, {backstab_damage:%s} Backstab Damage, {finesse_damage:%s} Finesse Damage & {crit_chance:%s} Critical Chance.

Base Cooldown: {cooldown:%s}s",loc_ability_zealot_stealth_description,3F6CDD46,keys
"Enter a ranged stance for {duration:%d}s, instantly equipping your Ranged Weapon, and Designating nearby non-Ogryn Elite and Specialist enemies as Priority Targets. During this stance you deal {damage:%d} Ranged Damage.",loc_talent_veteran_2_combat_ability_description,3ECFCFB9,keys
"Enter {talent_name:%s} for {duration:%s}s. For the duration, gain {power:%s} Melee Power, {attack_speed:%s} Attack Speed and {damage_taken:%s} Damage Reduction, as well as becoming Stun and Slowdown immune.

Killing enemies extends the duration based on the threat level of the enemy.

Upon exiting {talent_name:%s}, you become Exhausted for {exhaust_duration:%s}s, gaining {exhaust_damage_taken:%s} Damage Taken and {exhaust_stamina_regeneration:%s} Stamina Regeneration Speed for the duration.

Base Cooldown: {cooldown:%s}s.",loc_talent_broker_ability_punk_rage_desc,C1BA71AB,keys
Equip,loc_weapon_inventory_equip_button,A08C95D6,keys
Error,loc_popup_header_error,9444A32D,game_source
Esc,loc_keyboard_input_esc,640C1554,keys
Espionage,loc_mission_type_06_name,2473E06D,keys
Essence Harvest,loc_talent_psyker_toughness_regen_on_soul,15A3A4D2,keys
Ethereal Shards,loc_talent_psyker_throwing_knives_pierce,D81EA964,keys
Everlasting Flame,loc_trait_bespoke_ammo_spent_from_reserve_on_crit,FC0E6843,keys
"Every second, Enemies within {radius:%s}m have a chance of being Marked. Killing a Marked Enemy Replenishes {toughness:%s} Toughness, grants {move_speed:%s} Movement Speed for {move_speed_duration:%s}s, and adds a Precision Bonus for {bonus_duration}s.

Each Precision Bonus grants {base_damage:%s} Damage, {crit_damage:%s} Critical Damage and {weakspot_damage:%s} Weakspot Damage. Precision Bonus Stacks {bonus_stacks:%s} times.",loc_talent_psyker_marked_enemies_passive_desc,2E8714B6,keys
Exalted,loc_item_weapon_rarity_4,66B71B67,keys
Excise Vault Spireside-13,loc_mission_name_lm_scavenge,E8532EA2,keys
Execution Order,loc_talent_adamant_exterminator,22AE6E5D,keys
Executioner's Stance,loc_talent_veteran_combat_ability_elite_and_special_outlines,1A42BE01,keys
Executor,loc_trait_bespoke_chained_weakspot_hits_increases_power,DD9DC2C9,uk_cache
Exhilarating Takedown,loc_talent_veteran_toughness_on_weakspot_kill,C6FC8551,keys
Expansive,loc_trait_bespoke_weapon_special_power_bonus_after_one_shots,E639C6A3,keys
Expeditions,loc_zone_expeditions,A79E7A82,keys
Expeditions Menu,loc_expeditions_view,2E120CEC,keys
Explicator Zola,loc_npc_full_name_explicator_a,4A489D32,keys
Exploit Weakness,loc_talent_veteran_crits_rend,3BE1E165,keys
Explosion's effectiveness against Armoured Enemies.,loc_stats_display_explosion_ap_stat_desc,B1ED53BA,keys
Explosive,loc_weapon_keyword_explosive,98F64AFA,keys
Explosive Offensive,loc_trait_bespoke_power_bonus_after_weapon_special_multiple,2F753EE4,keys
Explosive Uprising,loc_circumstance_barrel_grounds_title,C8801531,keys
Explosive Uprising (Hunting Grounds),loc_circumstance_barrel_grounds_hunt_grou_title,071D5040,keys
Explosive Uprising (Power Supply Interruption),loc_circumstance_barrel_grounds_darkness_title,0D238467,keys
Explosive Uprising (Ventilation Purge),loc_circumstance_barrel_grounds_ventilation_title,D5C3445D,keys
Explosive Uprising plus Hi-Intensity Shock Troop Gauntlet,loc_circumstance_barrel_grounds_waves_spec_title,DB9A5AAC,keys
Explosive Uprising plus Pox Gas,loc_circumstance_barrel_grounds_gas_title,22490C77,keys
Exterminator Shotgun,loc_weapon_family_shotgun_p4_m1,C2E884D3,keys
Exterminator Shotgun,loc_weapon_family_shotgun_p4_m2,9A7F6CC2,keys
Faith's Fortitude,loc_talent_zealot_3_tier_1_ability_3,6F7A7374,keys
Faithful Frenzy,loc_talent_zealot_attack_speed,292B37D4,keys
False Truths,loc_circumstance_player_journey_03_title,68A277FF,keys
Fatal Damage instead grants you Invulnerability for {active_duration:%s}s. Occurs every {cooldown_duration:%s}s.,loc_talent_zealot_resist_death_desc,B133611B,keys
Favourite,loc_inventory_menu_favorite_item,8B11D853,keys
Fear of Justice,loc_talent_adamant_drone_debuff_talent,B22811F4,keys
Feel No Pain,loc_talent_ogryn_carapace_armor,9B72C015,keys
Field Improvisation,loc_talent_veteran_better_deployables,3C20F6F5,keys
Final Warning,loc_talent_adamant_ranged_damage_on_melee_stagger,EAFA6FC0,keys
Finesse,loc_stats_display_finesse_stat,26DBAB24,keys
Fire Grenade,loc_ability_fire_grenade,D7C40072,uk_cache
Fire Team,loc_talent_veteran_damage_coherency,75BD6576,keys
First Curio,loc_inventory_title_slot_attachment_1,C1C86A90,keys
First Target,loc_stats_display_first_target_stat,EC11B583,keys
Flak Armoured,loc_weapon_stats_display_armored,152B70B2,keys
Flamers,loc_breed_flamer_generic_name,5AE2BC9C,keys
Fleeting Fire,loc_talent_veteran_weapon_switch_reload_speed,785CF496,keys
Flight Lieutenant Masozi,loc_npc_full_name_pilot_a,A0F74205,keys
Flurry,loc_weapon_keyword_fast_attack,5083DEF7,keys
Focus Target Max Stacks increased to {max_stacks:%s}.,loc_talent_veteran_improved_tag_more_damage_description,DD75ED2B,keys
Focus Target!,loc_talent_veteran_improved_tag,91015968,keys
Focused Fire,loc_talent_veteran_improved_tag_more_damage,6DE468B6,keys
For each Enemy hit by {talent_name:%s} you gain a Stack of Trample. Trample increases Base Damage by {damage:%s} for {duration:%s}s. Max Stacks {stack:%s}.,loc_talent_ogryn_ability_charge_trample_desc,FD34BB5C,keys
"For each Enemy you hit during the same Heavy Melee Attack, gain {damage:%s} Damage on your next Melee Attack.",loc_talent_ogryn_damage_per_enemy_hit_previous_desc,22742B74,keys
For the Emperor,loc_body_tattoo_04,266C22E8,uk_cache
For the Emperor!,loc_talent_veteran_combat_ability_melee_and_ranged_damage_to_coherency,3D870772,keys
Force Swords,loc_class_selection_unique_weapon_psyker_melee_1,528485A6,uk_cache
Force Weapon,loc_weapon_keyword_warp_weapon,AFCFACC2,keys
Force of Will,loc_talent_adamant_staggers_replenish_toughness,FB06B425,keys
Forceful,loc_talent_adamant_forceful,C9C8172F,keys
Forge's Bellow,loc_talent_broker_ability_punk_rage_sub_3,FC8121DD,game_source
Fortitude in Fellowship,loc_talent_zealot_increased_coherency_regen,3443581D,keys
Frag Bomb,loc_ability_ogryn_grenade_demolition,7212DEB4,keys
Frag Grenade,loc_ability_frag_grenade,86BB6780,keys
Fragmentation grenade that explodes after a short fuse timer.,loc_ability_frag_grenade_description,B3FB3C94,keys
French,loc_group_finder_language_french,37B7E5F6,uk_cache
Frenzy,loc_hordes_buff_explode_enemies_on_critical_kill_title,21B35F7D,uk_cache
Full build,loc_alias_talent_builder_view_popup_title_summary,EC9B6972,keys
Fully Charged Heavy Attacks ignore Enemy Hit Mass and have {damage:%s} Damage.,loc_trait_bespoke_pass_past_armor_and_damage_on_heavy_attack_desc,CA7DD319,keys
Fully Loaded,loc_talent_veteran_ammo_increase,F2231E7D,keys
Furious,loc_talent_ogryn_damage_per_enemy_hit_previous,8984D87D,keys
Fury Rising,loc_talent_zealot_fanatic_rage_crits,AE5C64FB,keys
Fury of the Faithful,loc_talent_maniac_attack_speed_after_dash,813869F7,keys
"Gain Focus Target every {time:%s}s (Stacks {max_stacks:%s} times).

Tagging an Enemy applies the Focus Target stacks to them, causing them to take {damage:%s} additional Damage for each stack, and resets your Focus Target stacks to 1.",loc_talent_veteran_improved_tag_description,88D879AA,keys
"Gain Ranged Specialist on Melee Kills (Stacks {ranged_stacks:%s} times). Gain Melee Specialist on Ranged Kill (Stacks {melee_stacks:%s} times.)

When you wield your Ranged Weapon, you activate your Ranged Specialist effect to gain {ranged_attack_speed:%s} Ranged Attack Speed, as well as {ranged_crit_chance:%s} Ranged Critical Hit Chance on your next shot, per stack. Lasts {ranged_duration:%s}s.

When you wield your Melee Weapon, you activate your Melee Specialist effect, to gain {melee_attack_speed:%s} Melee Attack Speed, and {dodge_modifier:%s} Dodge Speed and Dodge Distance. Lasts {melee_duration:%s}s.",loc_talent_veteran_weapon_switch_description,C4515756,keys
Gain Suppression immunity.,loc_talent_veteran_supression_immunity_desc,1760DA8F,keys
Gain Toughness Damage Reduction of {min_damage:%s} to {max_damage:%s} based on your current Peril.,loc_talent_psyker_toughness_damage_reduction_from_warp_charge_desc,96E4CB7C,keys
Gain between {crit_chance:%s} and {crit_chance_max:%s} Critical Chance based on current level of peril.,loc_trait_bespoke_increased_crit_chance_scaled_on_peril_desc,165AA31C,keys
Gain {damage:%s} Damage for {duration:%s}s after Heavy Melee Attack.,loc_talent_adamant_heavy_attacks_increase_damage_desc,573A8877,keys
Gain {damage_reduction:%s} Damage Resistance for {duration:%s}s after Elite or Specialist Kill.,loc_talent_adamant_damage_reduction_after_elite_kill_desc,368927CE,keys
Gain {movement_speed:%s} Movement Speed and {damage:%s} Damage for {time:%s}s after Pounce.,loc_talent_adamant_pinning_dog_bonus_moving_towards_description,478147B4,keys
"Gain {stack:%s} stack(s) of Focus every {time:%s}s when standing still, or walking when crouched.",loc_talent_veteran_snipers_focus_stacks_on_still_description,03BF1D49,keys
Gain {stacks:%s} Stacks of Momentum on a successful Dodge.,loc_talent_zealot_quickness_dodge_stacks_desc,6A266B91,keys
Gain {tdr_per_stack:%s} Toughness Damage Reduction per Stack. {tdr:%s} Toughness Damage Reduction during {talent_name:%s}.,loc_talent_adamant_bullet_rain_tdr_desc,11318A41,keys
Galvanic Rifle,loc_weapon_family_galvanic_rifle_p1_m1,2F33461C,keys
German,loc_group_finder_language_german,00227744,uk_cache
Get Back in the Fight!,loc_talent_veteran_movement_speed_on_toughness_broken,0B9CFE0D,keys
Get Stuck In,loc_talent_ogryn_bull_rush_movement_speed,58C6EA3B,keys
Gets Hot!,loc_trait_bespoke_crit_chance_scaled_on_heat,0ECF6094,keys
Ghost,loc_trait_bespoke_count_as_dodge_vs_ranged_on_weakspot,B358BC4E,keys
Gives your Melee Attacks {impact:%s} Impact strength & {attack_speed:%s} Attack Speed for {duration:%s}s after emptying your Ranged Weapon.,loc_talent_zealot_improved_melee_after_no_ammo_desc,AC15A5E4,keys
Gives {rending_multiplier:%s} Rending to all weapons.,loc_talent_veteran_rending_bonus_desc,E703007A,keys
Gloryhunter,loc_trait_bespoke_toughness_on_elite_kills,E31C381B,keys
Go Again!,loc_talent_ogryn_taunt_stagger_cd,BA791594,keys
Go Get 'Em!,loc_talent_adamant_cyber_mastiff_ranged,21C58137,keys
Good Balance,loc_talent_reduced_damage_after_dodge,027AAFC6,keys
Good Shootin',loc_talent_ogryn_critical_leadbelcher,35E6DC94,keys
Grants Slowdown Immunity.,loc_talent_keyword_slowdown_immune,5936AF23,keys
Grants Stun Immunity.,loc_talent_keyword_stun_immune,A6FE7BF4,keys
Grenade Tinkerer,loc_talent_veteran_improved_grenades,3D2C9347,keys
Grenadier,loc_talent_veteran_extra_grenade,034B1131,keys
Grenadier Gauntlet,loc_weapon_family_ogryn_gauntlet_p1_m1,96A1522F,keys
Grenadiers,loc_breed_grenadier_generic_name,DA0E9DEC,keys
Grievous Wounds,loc_talent_zealot_increased_stagger_on_weakspot_melee,A2C5C269,keys
Grimoires,loc_contract_task_pickup_type_grimoire,E04A2B6F,game_source
Groaner,loc_breed_display_name_chaos_newly_infected,4287A113,keys
Guaranteed chance to gain {talent_name:%s} on Elite Kills.,loc_talent_psyker_empowered_ability_on_elite_kills_description,23C36E9E,keys
Gunners,loc_breed_gunner_generic_name,D10A1483,keys
Gunslinger,loc_talent_broker_aura_gunslinger,24295B77,keys
"Gurry ""Brunt"" Cernik",loc_npc_full_name_quarter_master_a,ED79B609,keys
Hab Dreyko,loc_mission_name_cm_habs,FCD67A58,keys
Hadron Omega-7-7,loc_npc_full_name_tech_priest_a,9C91ADC7,keys
Hail of Fire,loc_talent_ogryn_special_ammo_armor_pen,4AB8B42E,keys
Hammer of Faith,loc_talent_zealot_3_tier_1_ability_1,1CC57BBB,keys
Hammer of Judgement,loc_talent_adamant_multiple_hits_attack_speed,FA31C3CC,keys
Hammer of the Emperor,loc_circumstance_story_nomansland_03_title,5621B673,keys
Hard Knocks,loc_talent_ogryn_big_bully_heavy_hits,EB9AC8B6,keys
Havoc,loc_havoc_name,DCD29469,keys
Havoc Rewards,loc_havoc_reset_rewards,7460A8C3,game_source
Head,loc_inventory_title_slot_gear_head,2537F42F,keys
Heal {corruption:%s} Corruption from the current Wound for you and Allies in Coherency every {interval:%s}s.,loc_talent_zealot_corruption_healing_coherency_improved_desc,AFC49DC9,keys
Heat Management,loc_stats_display_heat_management_powersword_2h,D3055A43,keys
Heavy Attack,loc_weapon_action_title_heavy,2CE0F80D,keys
Heavy Attacks while {punk_rage:%s} is active have {rending:%s} Rending.,loc_talent_broker_ability_punk_rage_sub_1_desc_02,472CC8E5,keys
Heavy Eviscerator,loc_weapon_family_chainsword_2h_p1_m1,0B424A80,keys
Heavy Eviscerator,loc_weapon_family_chainsword_2h_p1_m2,A79B247B,keys
Heavy Hitter,loc_talent_ogryn_passive_heavy_hitter,E189A8B0,keys
Heavy Laspistol,loc_weapon_family_laspistol_p1_m1,9E02540D,keys
Heavy Laspistol,loc_weapon_family_laspistol_p1_m3,1CBA3F36,keys
Heavy Stubber,loc_weapon_family_ogryn_heavystubber_p2_m1,F4AA7CF1,keys
Heavy Stubber,loc_weapon_family_ogryn_heavystubber_p2_m2,282E4135,keys
Heavy Stubber,loc_weapon_family_ogryn_heavystubber_p2_m3,78B9803E,keys
Heavy Sword,loc_weapon_family_combatsword_p2_m1,61F12735,keys
Heavy Sword,loc_weapon_family_combatsword_p2_m2,0F60A403,keys
Heavy Sword,loc_weapon_family_combatsword_p2_m3,2BF7B148,keys
Heavyweight,loc_talent_ogryn_ogryn_fighter,AB9A0418,keys
Height,loc_body_height,88AE8B67,game_source
Heinous Rituals,loc_havoc_chaos_ritual_name,93459895,keys
Helbore Lasgun,loc_weapon_family_lasgun_p2_m1,95217161,keys
Helbore Lasgun,loc_weapon_family_lasgun_p2_m2,D40F9E77,keys
Helbore Lasgun,loc_weapon_family_lasgun_p2_m3,B6A39D2F,keys
Help,loc_action_interaction_help,B2BE3702,game_source
Heresy,loc_achievement_difficulty_04,6C845AC9,keys
Heresy,loc_mission_board_danger_high,0D1630BF,keys
Heretical Disruption,loc_circumstance_nurgle_manifestation_title,18527152,keys
Hexbound Daemonhost,loc_mutator_daemonhost_name,16C5557F,keys
Hi-Intensity Atonement,loc_circumstance_saints_core_increased_resistance_title,706E5FAA,keys
Hi-Intensity Brutes and Blasts,loc_circumstance_abhuman_explosions_increased_resistance_title,AA40E0A3,keys
Hi-Intensity Cartel's Favours,loc_circumstance_broker_stimms_increased_resistance_title,B4F96A2C,keys
Hi-Intensity Dark Rituals,loc_circumstance_skulls_event_01_03_title,5436304C,keys
Hi-Intensity Dark Rituals (Hunting Grounds) ,loc_circumstance_skulls_event_01_02_title,D6DE1771,keys
Hi-Intensity Dark Rituals (Pox Gas),loc_circumstance_skulls_event_01_05_title,AFBFF451,keys
Hi-Intensity Dark Rituals (Shock Troop Gauntlet),loc_circumstance_skulls_event_01_07_title,F571348E,keys
Hi-Intensity Dark Rituals (Sniper Gauntlet),loc_circumstance_skulls_event_01_06_title,D40AA4F2,keys
Hi-Intensity Dark Rituals (Ventilation Purge),loc_circumstance_skulls_event_01_04_title,EBB5AB8B,keys
Hi-Intensity Engagement Zone,loc_circumstance_dummy_more_resistance_title,9079A9A9,keys
Hi-Intensity Explosive Uprising,loc_circumstance_barrel_grounds_more_res_title,6CC0463B,keys
Hi-Intensity Gauntlet (Power Supply Interruption),loc_circumstance_darkness_more_resistance_title,9C50C311,keys
Hi-Intensity Gauntlet (Ventilation Purge),loc_circumstance_ventilation_purge_more_resistance_title,F2DE61ED,keys
Hi-Intensity Hunting Grounds,loc_circumstance_hunting_grounds_more_resistance_title,5DF609C1,keys
Hi-Intensity Indomitable Incursion,loc_circumstance_elite_army_increased_resistance_title,1FBB9B17,keys
Hi-Intensity Inferno,loc_circumstance_ember_more_resistance_title,812468AF,keys
Hi-Intensity Outgunned,loc_circumstance_plasma_smugglers_increased_resistance_title,34C3F639,keys
Hi-Intensity Ransacked Routes,loc_circumstance_barren_increased_resistance_title,662ABC8B,keys
Hi-Intensity Relics in Ruins,loc_circumstance_leftover_increased_resistance_title,F4CC80B5,keys
Hi-Intensity Rotten Armour,loc_circumstance_live_rotten_armor_more_res_title,5FA11E2F,keys
Hi-Intensity Shock Troop Gauntlet,loc_circumstance_waves_of_specials_more_resistance_title,2048E500,keys
Hi-Intensity Sniper Gauntlet (Ventilation Purge),loc_circumstance_ventilation_purge_with_snipers_more_resistance_title,5A9949CB,keys
Hi-Intensity Tainted Sacrament,loc_circumstance_skulls_guns_increased_resistance_title,0F20248E,keys
Hi-intensity Brute Conscripts,loc_circumstance_live_abhuman_03_title,A8969DFD,keys
Hi-intensity Brute Conscripts (Power Supply Interruption),loc_circumstance_live_abhuman_04_title,569B0C33,keys
Hi-intensity Brute Conscripts (Ventilation Purge),loc_circumstance_live_abhuman_06_title,96200283,keys
Hi-intensity Brute Conscripts plus Pox Gas,loc_circumstance_live_abhuman_05_title,A0E8919E,keys
Hi-intensity Mutated Horrors,loc_circumstance_nurgle_explosion_03_title,8233EA78,keys
Hi-intensity Mutated Horrors,loc_circumstance_nurgle_explosion_2026_03_title,8801F7B7,keys
Hi-intensity Mutated Horrors (Power Supply Interruption),loc_circumstance_nurgle_explosion_04_title,6922428C,keys
Hi-intensity Mutated Horrors (Power Supply Interruption),loc_circumstance_nurgle_explosion_2026_04_title,E51AADF0,keys
Hi-intensity Mutated Horrors (Ventilation Purge),loc_circumstance_nurgle_explosion_06_title,E6912782,keys
Hi-intensity Mutated Horrors (Ventilation Purge),loc_circumstance_nurgle_explosion_2026_06_title,A430DB30,keys
Hi-intensity Mutated Horrors plus Pox Gas,loc_circumstance_nurgle_explosion_05_title,E65B7BD7,keys
Hi-intensity Mutated Horrors plus Pox Gas,loc_circumstance_nurgle_explosion_2026_05_title,0AC78909,keys
Hi-intensity Pox Gas,loc_circumstance_toxic_gas_more_resistance_title,EE2105F8,keys
Hi-intensity Tainted Airwaves,loc_circumstance_communication_hack_03_title,5585A9B1,keys
Hi-intensity Tainted Airwaves (Power Supply Interruption),loc_circumstance_communication_hack_04_title,2DDDD736,keys
Hi-intensity Tainted Airwaves (Ventilation Purge),loc_circumstance_communication_hack_06_title,9F7B6F9A,keys
Hi-intensity Tainted Airwaves plus Pox Gas,loc_circumstance_communication_hack_05_title,65ED1974,keys
Hide,loc_player_stats_element_interaction_hide,811E330E,uk_cache
High,loc_contracts_contract_complexity_hard,449DA481,keys
High Capacity,loc_weapon_keyword_high_ammo_count,000EC61D,keys
High Damage,loc_weapon_keyword_high_damage,7D5657D2,keys
"High powered missile launcher.

{max_charges:%s} Max Missiles.",loc_talent_broker_blitz_missile_launcher_desc,FAD7E488,keys
High-Intensity (Stolen Rations),loc_circumstance_stolen_rations_core_increased_resistance_title,6AABF83D,keys
High-Intensity Endless Hordes,loc_circumstance_endless_hordes_increased_resistance_title,EE069372,keys
High-Intensity Shock Troop Gauntlet (Stolen Rations),loc_circumstance_stolen_rations_core_waves_of_specials_title,824CA077,keys
Hit & Run,loc_trait_bespoke_count_as_dodge_vs_ranged_on_close_kill,C20A63BA,keys
Hitting an Elite or Specialist Enemy with Smite applies {stacks:%s} Stack(s) of Soulblaze to nearby Enemies.,loc_talent_psyker_elite_kills_add_warpfire_desc,7A715E22,keys
Hitting an enemy while in secondary mode gives them {stacks:%s} stacks of {rending:%s} Brittleness. Debuff lasts for {time:%s} seconds and can have a maximum of {max_stacks:%s} stacks.,loc_trait_bespoke_armor_rending_bayonette_crowbar_desc,2BF30B00,keys
Hitting an enemy with the special attack gives them {stacks:%s} stacks of {rending:%s} Brittleness. Debuff lasts for {time:%s} seconds and can have a maximum of {max_stacks:%s} stacks.,loc_trait_bespoke_armor_rending_bayonette_desc,7826A666,keys
"Hitting at least 3 enemies with an attack while weapon Special is active, regains {toughness:%s} Toughness.",loc_trait_bespoke_regain_toughness_on_multiple_hits_by_weapon_special_desc,48405BF1,keys
"Hitting at least {multiple_hit:%s} enemies with an attack, restores {toughness:%s} toughness.",loc_trait_bespoke_toughness_recovery_on_multiple_hits_desc,D6E3E99B,keys
Hitting {hits:%s} or more enemies with an Attack grants you {tdr:%s} Toughness Damage Reduction for {duration:%s}s.,loc_talent_adamant_hitting_multiple_gives_tdr_desc,2E6F11EC,keys
Hitting {multi_hit:%s} or more Enemies with a single Attack grants {reload_speed:%s} reload speed for {duration:%s}s.,loc_talent_ogryn_reload_speed_on_multiple_hits_desc,1580DFFA,keys
Hive Scum,loc_class_broker_name,DAE684F3,keys
Hive Scum,loc_class_broker_title,BFF838C6,keys
Hold the Line,loc_talent_adamant_staggers_reduce_damage_taken,7186F17F,keys
Holy Cause,loc_talent_zealot_zealot_channel_grants_defensive_buff,6A8B51AA,keys
Holy Revenant,loc_talent_zealot_heal_during_resist_death,3A3AFBF8,keys
Honour Among Thieves,loc_circumstance_story_spillway_03_title,E41221F3,keys
How fast the Charge Attack charges.,loc_stats_display_charge_speed_desc,5AEB38DE,keys
How much Damage done to the first Enemy Hit when hitting multiple Enemies in one swing.,loc_stats_display_first_target_stat_desc,08D2F790,keys
How much Damage the weapon inflicts.,loc_stats_display_damage_stat_desc,5B01AA07,keys
Hunted (Inferno),loc_circumstance_torment_embers_title,1057B1CF,keys
Hunted (Power Supply Interruption),loc_circumstance_torment_default_title,94BE8CC9,keys
Hunted (Ventilation Purge),loc_circumstance_torment_ventilation_title,D8BC8896,keys
Hunter's Resolve,loc_talent_veteran_toughness_bonus_leaving_invisibility,BB8FE249,keys
Hunting Grounds,loc_circumstance_hunting_grounds_title,4232F7D2,keys
Hunting Grounds (Power Supply Interruption),loc_circumstance_darkness_hunting_grounds_title,A1AE5FE5,keys
Hunting Grounds (Stolen Rations),loc_circumstance_stolen_rations_core_hunting_grounds_title,E9AFA025,keys
Huntsman's Shotgun,loc_weapon_family_shotgun_p3_m1,CCE3CFBE,keys
Hydro Barrier IX,loc_cartel_outpost_transition_full,A0A7EC33,keys
I Shall Not Fall,loc_talent_zealot_martyrdom_grants_toughness,92244E63,keys
"If an Enemy you have Tagged dies, grant {damage:%s} Damage for each stack of Focus Target applied, to you and Allies in Coherency. Lasts {duration:%s}s.",loc_talent_veteran_improved_tag_dead_coherency_bonus_description,DF1F9C55,keys
"If an Enemy you have Tagged dies, replenish {toughness:%s} Toughness and {stamina:%s} Stamina for each stack of Focus Target applied, to you and Allies in Coherency.",loc_talent_veteran_improved_tag_dead_bonus_description,57DA5A14,keys
Immaculate <<reserved for expansion of tiers>>,loc_item_weapon_rarity_8,6EA70A2B,keys
Immolation Grenade,loc_talent_ability_fire_grenade,2064814C,keys
Immune to Ranged Attacks for {time:%s}s on Close Range Kill.,loc_trait_bespoke_count_as_dodge_vs_ranged_on_close_kill_desc,FBBA5587,keys
Immune to Ranged Attacks for {time:%s}s on Weak Spot Hit.,loc_trait_bespoke_count_as_dodge_vs_ranged_on_weakspot_desc,C9140FB8,keys
Impact Boost,loc_talent_impact_boost_medium,007795F8,keys
Implacable,loc_talent_ogryn_windup_reduces_damage_taken,944C3BAA,keys
Imposing Force,loc_talent_adamant_damage_reduction_after_elite_kill,79940084,keys
"Improve your chosen Grenade.

{krak_grenade:%s}: {krak:%s} Damage.
{frag_grenade:%s}: {frag_damage:%s} Damage & Radius.
{smoke_grenade:%s}: {smoke:%s} Duration.",loc_talent_veteran_improved_grenades_desc,60708F06,keys
In Fire Reborn,loc_talent_psyker_warpfire_generates_souls,842629BA,keys
Increase Effective Dodges by {dodge:%s} and time considered Dodging by {dodge_duration:%s}.,loc_talent_adamant_dodge_improvement_desc,4DE76F4A,keys
Increase Effective Dodges by {extra_consecutive_dodges:%s} and time considered Dodging by {dodge_linger_time:%s}.,loc_talent_psyker_improved_dodge_description,B7DFF1D2,keys
Increase Maximum stacks of Focus from {stacks:%s} to {new_stacks:%s}.,loc_talent_veteran_snipers_focus_increased_stacks_description,C41D398B,keys
Increase explosion radius by {explosion_radius:%s}.,loc_talent_ogryn_increase_explosion_radius_desc,15F7867D,keys
Increase the duration of {talent_name:%s} from {duration_previous:%s}s to {duration_after:%s}s.,loc_talent_psyker_mark_increased_duration_description,CACFBE0C,keys
Increase your ammo reserve by {max_ammo:%s}.,loc_talent_ogryn_increased_ammo_desc,1A862478,keys
Increases Quell Speed by {vent_speed:%s}.,loc_talent_psyker_increased_vent_speed_description,479E9713,keys
"Increases Sprint speed by {speed:%s}. In addition, always counts as Dodging while Sprinting, even if Stamina is depleted.",loc_talent_zealot_improved_sprint_description,F703B301,keys
"Increases Strength up to {amount:%s}, scaled on Heat.",loc_power_bonus_scaled_on_heat_desc,F3F274CF,keys
Increases the Weapon's Attack Speed and grants bonuses to Critical Hits and Weak Spot Hits.,loc_stats_display_finesse_stat_desc,6F4A1AE6,keys
"Increases the Weapon's Stagger, Impact and Suppression.",loc_stats_display_control_stat_ranged_desc,E77B6E95,keys
Increases the chance to gain {talent_name:%s} on Kill from {proc_chance_before:%s} to {proc_chance_after:%s}.,loc_talent_psyker_increase_empower_chain_lighting_chance_description,542F4465,keys
Indomitable,loc_talent_ogryn_bull_rush_distance,71D7D60A,keys
Indomitable Incursion,loc_circumstance_elite_army_default_title,E32E3F67,keys
Indomitable Incursion (Power Supply Interruption),loc_circumstance_elite_army_darkness_title,DC5C1D67,keys
Indomitable Incursion (Pox Gas),loc_circumstance_elite_army_gas_title,4F2850B9,keys
Indomitable Incursion (Ventilation Purge),loc_circumstance_elite_army_ventilation_title,76A47FF6,keys
Indomitable Incursion plus hunting Grounds,loc_circumstance_elite_army_hunting_grounds_title,E26DB25B,keys
Inebriate's Poise,loc_talent_zealot_quickness_dodge_stacks,8791F06D,keys
Inexorable Judgement,loc_talent_zealot_quickness,5A980EA5,keys
Infantry Autogun,loc_weapon_family_autogun_p1_m1,E4751F57,keys
Infantry Autogun,loc_weapon_family_autogun_p1_m2,CE9F17C0,keys
Infantry Autogun,loc_weapon_family_autogun_p1_m3,AC428C45,keys
Infantry Lasgun,loc_weapon_family_lasgun_p1_m1,F93EEF0D,keys
Infantry Lasgun,loc_weapon_family_lasgun_p1_m2,D9EC8B10,keys
Infantry Lasgun,loc_weapon_family_lasgun_p1_m3,6413E59A,keys
Infected Moebian 21st,loc_circumstance_moebian_21st_01_title,9286176A,keys
Infected Moebian 21st - Hi-Intensity Engagement Zone,loc_circumstance_moebian_21st_03_title,2A3A3CEB,keys
Infected Moebian 21st - Hi-Intensity Gauntlet (Power Supply Interruption),loc_circumstance_moebian_21st_04_title,7AD4662D,keys
Infected Moebian 21st - Hi-Intensity Hunting Grounds,loc_circumstance_moebian_21st_02_title,266BABEE,keys
Infected Moebian 21st - Hi-Intensity Shock Troop Gauntlet,loc_circumstance_moebian_21st_07_title,1E91577C,keys
Infected Moebian 21st - Hi-Intensity Sniper Gauntlet (Ventilation Purge),loc_circumstance_moebian_21st_06_title,900824E0,keys
Infected Moebian 21st - Hi-intensity Pox Gas,loc_circumstance_moebian_21st_05_title,68031B3F,keys
Infectious Zeal,loc_talent_zealot_3_tier_2_ability_2,435E7497,keys
Infectious Zeal,loc_talent_zealot_shared_fanatic_rage,57B9D494,keys
Inferno,loc_circumstance_ember_title,4AB74ABE,keys
Inferno + Hunting Packs,loc_circumstance_ember_hunting_grounds_title,C85A8E9F,keys
Inferno + Shocktroop Gauntlet,loc_circumstance_ember_waves_of_specials_title,382872FF,keys
Inferno Force Staff,loc_weapon_family_forcestaff_p2_m1,A10EF2C3,keys
Infested,loc_weapon_stats_display_disgustingly_resilient,211BBCC4,keys
Infiltrate,loc_talent_veteran_invisibility_on_combat_ability,9776B86D,keys
Inflict {stacks:%s} Stacks of Bleed on Heavy Melee Hit.,loc_talent_ogryn_bleed_on_multiple_hit_desc,6401C76B,keys
"Influences the damage, jump angle and jump distance of Arc lightning.",loc_stats_display_arc_stat_desc,A1EDD1B3,keys
Inner Tranquility,loc_talent_psyker_reduced_warp_charge_cost_venting_speed,34B929E1,keys
Inspect Operative,loc_lobby_entry_inspect,E500DF2A,keys
Inspiring Barrage,loc_trait_bespoke_toughness_on_continuous_fire,EE616BA9,keys
Inspiring Barrage,loc_trait_bespoke_toughness_on_continuous_fire_alternative,02D303B6,keys
Inspiring Recitation,loc_talent_adamant_drone_buff_talent,86EF2385,keys
Instantly activate {talent_name:%s} on Combat Ability.,loc_talent_adamant_bullet_rain_ability_desc,65A6E8C7,keys
Interrogator Rannick,loc_npc_full_name_interrogator_a,2EB73760,keys
Intimidating Presence,loc_talent_ogryn_2_base_4,C99667F7,keys
Investigation,loc_mission_type_03_name,3E703A1E,keys
Invigorated,loc_talent_veteran_weapon_switch_replenish_stamina,4DE41062,keys
Invigorating Revelation,loc_talent_zealot_leaving_stealth_restores_toughness,5BE8C25C,keys
Invocation of Death,loc_talent_maniac_cooldown_on_melee_crits,C907A59F,keys
Iron Will,loc_talent_veteran_block_break_gives_tdr,0F2286E9,keys
Italian,loc_group_finder_language_italian,1085CA80,uk_cache
Japanese,loc_group_finder_language_japanese,E75BAD88,uk_cache
Judicial Force,loc_talent_adamant_forceful_melee,83209589,keys
Judicious Efficiency,loc_talent_adamant_elite_special_kills_reload_speed,183BA616,keys
Just Getting Started!,loc_talent_ogryn_heavy_hitter_max_stacks_improves_attack_speed,377E881A,keys
Justified Measures,loc_talent_adamant_stacking_damage,4F0962E9,keys
Keep Their Heads Down!,loc_talent_veteran_increase_suppression,ED2D7C87,keys
Keeping Protocol,loc_talent_execution_order_perma_buff,7222D71D,keys
Keystone,loc_glossary_talent_keystone,343FF503,keys
Keystone Modifier,loc_glossary_talent_keystone_modifier,B4BFC4A4,keys
Kickback,loc_weapon_family_ogryn_thumper_p1_m1,23042ED1,keys
Kill Enemies,loc_psyker_ability_objective,3699094C,game_source
Kill Order,loc_talent_adamant_dog_damage_after_ability,4F3D7EB4,keys
Kill Zone,loc_talent_veteran_ranged_power_out_of_melee,BB890AA8,keys
Kill {count:%d} Monstrosities,loc_contracts_task_label_kill_bosses,4CAEF649,keys
Kill {count:%d} {enemy_type:%s} with {weapon_type:%s},loc_contracts_task_label_kill_minions,6B9F4657,keys
Killing Elite and Specialist Enemies grants you a stack of {talent_name:%s}. Activating your Combat Ability grants you {damage:%s} Damage and {companion_damage:%s} Cyber Mastiff Damage for each stack of {talent_name:%s}. Lasts {duration:%s}s. Max Stacks {max_stacks:%s}.,loc_talent_adamant_exterminator_desc,FFD88B5C,keys
Killing Enemies Marked by {talent_name:%s} have a {chance:%s} chance to instantly Quell {warp_charge_percentage:%s} of your Peril.,loc_talent_psyker_mark_kills_can_vent_description,01016112,keys
Killing Pounced Targets grants Allies in Coherency {tdr:%s} Toughness Damage Reduction and {toughness:%s} Toughness over {duration:%s}s.,loc_talent_adamant_pinning_dog_kills_buff_allies_description,6250DDD6,keys
Killing a Marked Enemy grants {damage:%s} Damage vs Monstrosities and {damage_red:%s} Damage Resistance vs Monstrosities. {max_stacks:%s} Max Stacks. Lasts until the end of the Mission. ,loc_talent_execution_order_perma_buff_description,7641976F,keys
Killing a Pounced Elite / Specialist grants {damage:%s} Damage vs Elites and Specialists. Lasts {time:%s}s.,loc_talent_adamant_pinning_dog_elite_damage_description,0B95C919,keys
"Killing a Special or Elite enemy with a ranged weapon grants you a stack of Vulture's Mark for {duration:%s}s (Stacks {max_stacks:%s} times).

Each stack grants {ranged_damage:%s} Ranged Damage, {crit_chance:%s} Ranged Critical Strike Chance, and {movement_speed:%s} Movement Speed.

While at max stacks, Special and Elite Ranged Kills restore {toughness:%s} Toughness to you and Allies in Coherency.",loc_talent_broker_keystone_vultures_mark_on_kill_desc,5B5C21FE,keys
Killing an Elite Enemy with a Melee Attack infects up to {max_targets:%s} enemies within {radius:%s}m of the target with {toxin_stacks:%s} stacks of {toxin:%s}.,loc_talent_broker_passive_toxin_spread_on_kills_desc_02,A94FD4A3,keys
"Killing an Elite or Specialist Enemy gains you a Warp Charge for {duration:%s} seconds, stacking {stack:%s} time(s). Your next Combat Ability spends all available Warp Charges to reduce the Cooldown of that Combat Ability by {cooldown_reduction:%s} per Warp Charge.",loc_talent_psyker_souls_desc,E0C916D5,keys
Killing an Elite or Specialist Enemy with a Melee Attack while Ammo Reserve is below {ammo_threshold:%s} will refill it to {ammo_threshold:%s}.,loc_talent_broker_passive_low_ammo_regen_desc_04,AA6AC8E6,keys
Killing an Enemy grants {crit_chance:%s} Critical Chance for {duration:%s}s. Stacks {max_stacks:%s} times.,loc_talent_ogryn_crit_chance_on_kill_desc,4E716E92,keys
Killing an Enemy with Soulblaze has a {chance:%s} chance to grant you a Warp Charge.,loc_talent_psyker_warpfire_generates_souls_desc,D52DAC75,keys
Killing an enemy by firing both barrels makes your next Reload {reload_speed:%s} faster.,loc_trait_bespoke_reload_speed_on_ranged_weapon_special_kill_desc,8C79E8C3,keys
Killing an enemy with a Melee Attack grants {damage%s} Ranged Damage and killing an enemy with a Ranged Attack grants {damage%s} Melee Damage. Lasts {duration%s}s.,loc_talent_veteran_kill_grants_damage_to_other_slot_desc,27DB301B,keys
Kills,loc_stat_display_total_kills,DDDF772F,keys
"Kills have a {chance:%s} chance to Empower your next Blitz.

Empowered {blitz_one:%s}:
{smite_cost:%s} Peril Cost Reduction
{smite_attack_speed:%s} Cast time Reduction
{smite_damage:%s} Damage

Empowered {blitz_two:%s}:
{chain_lightning_damage:%s} Damage
{chain_lightning_jump_time_multiplier:%s} faster spread between enemies

Empowered {blitz_three:%s}:
{throwing_knives_cost:%s} Peril Cost Reduction.
Base Damage increase from {throwing_knives_old_damage:%s} to {throwing_knives_new_damage:%s}.
Does not consume any charges.",loc_talent_psyker_empowered_ability_description,8B4A7EA9,keys
Kinetic Deflection,loc_talent_psyker_block_costs_warp_charge,BB19C517,keys
Kinetic Flayer,loc_talent_psyker_smite_on_hit,14D069C4,keys
Kinetic Presence,loc_talent_psyker_base_3,AA5CDD41,keys
Kinetic Resonance,loc_talent_psyker_ability_increase_brain_burst_speed,FC3ADD45,keys
Korean,loc_group_finder_language_korean,42F11F2D,uk_cache
Krak Grenade,loc_talent_ability_krak_grenade,7CDE0528,keys
Landing {weakspot_hits:%s} Weakspot Hits grants your next Ranged Attack a guaranteed Critical.,loc_talent_psyker_weakspot_grants_crit_description,01587DCD,keys
Latrine Shovel,loc_weapon_family_ogryn_club_p1_m1,CCC105B4,keys
Latrine Shovel,loc_weapon_family_ogryn_club_p1_m2,CD58194B,keys
Latrine Shovel,loc_weapon_family_ogryn_club_p1_m3,FEBE89C4,keys
Leave Mission,loc_leave_mission_display_name,2FF35522,keys
Leave No One Behind,loc_talent_veteran_movement_speed_towards_downed,43F6C65B,keys
Leave Session,loc_popup_reconnect_to_session_leave_button,A8140FB1,keys
Left,loc_alias_view_navigate_left,7DE16F62,game_source
Left Arrow,loc_keyboard_input_arrow_left,BE44044D,keys
Let Faith be Thy Armour,loc_talent_zealot_3_tier_4_ability_1,BCFA2BC8,keys
Light 'em Up,loc_talent_ogryn_special_ammo_fire_shots,482F870D,keys
Light Attack,loc_weapon_action_title_light,B3627B05,keys
Lightning Speed,loc_talent_psyker_melee_attack_speed,A84B3095,keys
Limit the maximum Health Damage Taken from an Attack to {limit:%s}.,loc_talent_adamant_limit_dmg_taken_from_hits_desc,A25AB598,keys
Limited Time Acquisitions,loc_mark_vendor_view_title_temporary,227C18C7,keys
Lingering Influence,loc_talent_psyker_mark_increased_duration,E4C25BBA,keys
Loadout,loc_inventory_view_display_name,FA670CF5,keys
"Locate and disable the tainted enemy communications devices.
",loc_objective_side_mission_communications_hack_desc,FDC316C8,keys
Locked,loc_talent_mechanic_locked,1726F511,keys
Lone Wolf,loc_talent_adamant_disable_companion,FAD692C8,keys
Loner,loc_talent_zealot_always_in_coherency,A9232E84,keys
Long Range Assassin,loc_talent_veteran_snipers_focus_increased_stacks,20154BAC,keys
Longshot,loc_talent_veteran_increased_damage_based_on_range,22E59F4F,keys
Lords and Lies,loc_circumstance_story_spillway_02_title,1971B817,keys
Low,loc_contracts_contract_complexity_easy,D2A08262,keys
Low Profile,loc_talent_veteran_reduced_threat_after_combat_ability,6A142C22,keys
Low intensity Pox Gas,loc_circumstance_toxic_gas_less_resistance_title,231DA384,keys
Low-Intensity Engagement Zone,loc_circumstance_dummy_less_resistance_title,BE1E3958,keys
Low-Intensity Gauntlet (Power Supply Interruption),loc_circumstance_darkness_less_resistance_title,46FDF1BC,keys
Low-Intensity Gauntlet (Ventilation Purge),loc_circumstance_ventilation_purge_less_resistance_title,F9A4ED04,keys
Low-Intensity Hunting Grounds,loc_circumstance_hunting_grounds_less_resistance_title,B3EF11B6,keys
Low-Intensity Shock Troop Gauntlet,loc_circumstance_waves_of_specials_less_resistance_title,ECFFD713,keys
Low-Intensity Sniper Gauntlet (Ventilation Purge),loc_circumstance_ventilation_purge_with_snipers_less_resistance_title,BC45AD09,keys
Lower Body,loc_inventory_title_slot_gear_lowerbody,3299FFF2,keys
Lower Body,loc_item_type_gear_lowerbody,438BA6DD,keys
Loyal Protector,loc_ability_ogryn_taunt_shout,58A5830B,keys
Loyal Protector,loc_talent_ogryn_2_base_2,30675D74,keys
Lynchpin,loc_talent_ogryn_coherency_toughness_increase,E121AAFB,keys
M1,loc_weapon_mark_shotgun_p5_m1,71D7E25F,keys
MK IIIa,loc_weapon_mark_lasgun_p2_m1,E181430F,keys
MK V,loc_weapon_mark_lasgun_p2_m2,D1EF33C6,keys
MKII,loc_weapon_mark_needlepistol_p1_m2,36F85C5D,keys
Maelstrom Mission A-I-II,loc_circumstance_flash_mission_05_title,FBC4CCF7,keys
Maelstrom Mission A-XIII,loc_circumstance_six_one_flash_mission_03_title,E9AB4D6C,keys
Maelstrom Mission B-I-IV,loc_circumstance_flash_mission_06_title,E0214210,keys
Maelstrom Mission B-VIII-V-F,loc_circumstance_flash_mission_09_title,8CA6BF6B,keys
Maelstrom Mission B-XIII,loc_circumstance_six_one_flash_mission_02_title,05E8EDD2,keys
Maelstrom Mission C-I-VI,loc_circumstance_flash_mission_07_title,7F729393,keys
Maelstrom Mission D-I-IV-IX-G,loc_circumstance_flash_mission_11_title,B0E73F26,keys
Maelstrom Mission D-III-VII-IX-G,loc_circumstance_flash_mission_12_title,5526A3A0,keys
Maelstrom Mission E-H-I-XIV-XV,loc_circumstance_flash_mission_17_title,E68F6AE9,keys
Maelstrom Mission E-I,loc_circumstance_flash_mission_15_title,312D0582,keys
Maelstrom Mission E-I-III-VII,loc_circumstance_flash_mission_16_title,17897A01,keys
Maelstrom Mission I-E,loc_circumstance_flash_mission_02_title,46813C93,keys
Maelstrom Mission I-E-F,loc_circumstance_flash_mission_04_title,49357A61,keys
Maelstrom Mission I-II,loc_circumstance_flash_mission_01_title,E2387DAF,keys
Maelstrom Mission I-II-V-E-G,loc_circumstance_flash_mission_10_title,648D4F32,keys
Maelstrom Mission I-III,loc_circumstance_flash_mission_03_title,0A207CC5,keys
Maelstrom Mission I-III-VII-F,loc_circumstance_flash_mission_08_title,E0E31040,keys
Maelstrom Mission I-IX-E-F,loc_circumstance_flash_mission_13_title,AC91036C,keys
Maelstrom Mission I-XIII,loc_circumstance_six_one_flash_mission_04_title,0FD3B783,keys
Maelstrom Mission J-I-II-IV,loc_circumstance_flash_mission_18_title,BF7A7373,keys
Maelstrom Mission J-I-II-VI,loc_circumstance_flash_mission_19_title,DFFB1A0F,keys
Maelstrom Mission X-XI-XII-G-H,loc_circumstance_flash_mission_14_title,7F0769C7,keys
Maelstrom Mission XIII,loc_circumstance_six_one_flash_mission_01_title,BE3BD6F9,keys
Magistrati Oubliette TM8-707,loc_mission_name_km_enforcer,28F48760,keys
Malefic Momentum,loc_talent_psyker_kills_stack_other_weapon_damage,23BF2118,keys
Malice,loc_achievement_difficulty_03,4DA8DCEC,keys
Malice,loc_mission_board_danger_medium,3DAD1FAA,keys
Malocator,loc_talent_adamant_exterminator_ability_cooldown,C0ECAE0E,keys
Man and Cyber-Mastiff,loc_talent_adamant_toughness_regen_near_companion,107782A6,keys
Maniac,loc_talent_zealot_attack_speed_per_martyrdom,7DEE864B,keys
Maniac,loc_weapon_stats_display_berzerker,9A7A243D,keys
March,loc_talent_adamant_movement_speed_on_block,BA21AD6E,keys
Marksman,loc_talent_veteran_ability_marksman,782C6CCB,keys
Marksman's Focus,loc_talent_veteran_snipers_focus,90F993D2,keys
Martyr's Purpose,loc_talent_zealot_damage_taken_restores_cd,2D55BE3C,keys
Martyr's Skull,loc_pickup_collectible,B5CFC91C,game_source
Martyrdom,loc_talent_zealot_2_base_1,B6381770,keys
Martyrdom,loc_talent_zealot_martyrdom,15D87F95,keys
Massacre,loc_talent_ogryn_crit_chance_on_kill,B46DB274,keys
Master-Crafted Shroudfield,loc_talent_zealot_increased_stealth_duration,AD0E421F,keys
Matchmaking,loc_hud_presence_matchmaking,ED953E7C,keys
Max Power Reached,loc_crafting_error_max_power,C993A329,keys
Max Rarity reached.,loc_crafting_error_no_consecrate,1104C0C8,keys
Maximum Firepower,loc_talent_ogryn_leadbelcher_grant_cooldown_reduction,6E911941,keys
Maximum Precision Bonus stacks are increased from {stacks_previous:%s} to {stacks_after:%s}.,loc_talent_psyker_mark_increased_max_stacks_description,781EAC6D,keys
"Measure of Movement Speed, Sprint Speed, and Dodge distance bonus while the weapon is active.",loc_stats_display_mobility_stat_desc,2914746B,keys
"Measure of a weapon's damage while its ""Rev"" Special Action is active.",loc_stats_display_first_saw_damage_desc,1BD4BA6E,keys
Measure of the Damage and Stagger inflicted on enemies,loc_stats_display_power_stat_desc,CBD0FBA5,keys
Measure of the explosion Damage.,loc_stats_display_explosion_damage_stat_desc,8050E26B,keys
Measure of the explosion Radius.,loc_stats_display_explosion_stat_desc,86A8721C,keys
Measure of the time it takes to Reload.,loc_stats_display_reload_speed_stat_desc,87757B51,keys
Mechanicus Power Sword,loc_weapon_family_powersword_p3_m1,8F21598E,keys
Med Stimm,loc_pickup_pocketable_01,D66BF8A2,game_source
Medicae Station,loc_health_station,0D7F3E92,uk_cache
Medical Crate,loc_pickup_pocketable_medical_crate_01,EC7BCC9B,keys
Medium,loc_contracts_contract_complexity_medium,228B643C,keys
Melee Attacks that Hit at least {min_hits:%s}  Enemies grant {impact_modifier:%s} Impact Strength for {time:%s}s. Stacks {max_stacks:%s} times. At max Stacks gain Uninterruptible.,loc_talent_zealot_multi_hits_increase_impact_desc,137F18FA,keys
"Melee Critical Hits apply Bleed, causing Damage over time.

Melee Hits on Bleeding Enemies grant {crit_chance:%s} Critical Chance for {duration:%s}s. Stacks {max_stacks:%s} times.",loc_talent_zealot_bleed_melee_crit_chance_desc,CDDF2BEE,keys
"Melee Critical Hits apply {rending_multiplier:%s} Brittleness to the target. 

Stacks {max_stacks:%s} times and lasts {duration:%s}s. ",loc_talent_veteran_crits_rend_description,0ABC5D93,keys
Melee Critical Hits reduce the cooldown of Chastise the Wicked by {time:%.1f} second(s).,loc_talent_maniac_cooldown_on_melee_crits_desc,22324D3C,keys
Melee Damage,loc_weapon_stats_display_melee_damage,28B5E4A6,game_source
Melee Damage Boost,loc_talent_melee_damage_boost_medium,CB9E7B48,keys
"Melee Hits grants you a stack of {adrenaline:%s}. Critical Melee Hits grants {on_crit:%s} additional Stack. Not gaining a stack within {duration:%s}s will remove a stack instead.

At {max_stacks:%s} Stacks, remove all stacks of {adrenaline:%s} and gain {frenzy:%s}.

{frenzy:%s} grants {attack_speed:%s} Attack Speed and {melee_damage:%s} Melee Damage, lasting {frenzy_duration:%s}s.",loc_talent_broker_keystone_adrenaline_junkie_desc,B4493FF1,keys
Melee Weakspot Kills Quell {vent:%s} Peril and Reduce further Peril Generation by {warp_generation:%s} for {duration:%s}s.,loc_talent_psyker_melee_weaving_desc,9A0CBDA1,keys
Melee Weakspot hits make the enemy count as Staggered for {duration:%s}s.,loc_talent_adamant_melee_weakspot_hits_count_as_stagger_desc,3BE4DAEA,keys
Mercantile HL-70-04,loc_mission_name_fm_armoury,7DD4086E,keys
Metalfab 36,loc_zone_name_tank_foundry_short,B654A07F,keys
Mettle,loc_talent_psyker_crits_regen_tougness_and_movement_speed,56D92A9D,keys
Midnight Raid,loc_circumstance_player_journey_09_title,724E6519,keys
Mind in Motion,loc_talent_psyker_venting_doesnt_slow,F93D1ADE,keys
Mission,loc_hud_presence_mission,AF1A8807,keys
Mission Terminal,loc_mission_board_view,9706261C,keys
Mission starts in,loc_lobby_timer_description,3703632B,keys
Mk CV,loc_weapon_mark_galvanic_rifle_p1_m1,400DAEDA,keys
Mk I,loc_weapon_mark_autogun_p1_m1,577CAD10,keys
Mk I,loc_weapon_mark_combataxe_p3_m1,2430C4FD,keys
Mk I,loc_weapon_mark_combatsword_p1_m1,2E22FD75,keys
Mk I,loc_weapon_mark_dual_shivs_p1_m1,F03D8AAC,keys
Mk I,loc_weapon_mark_ogryn_club_p2_m1,33906418,keys
Mk I,loc_weapon_mark_ogryn_hammer_2h_p1_m2,43F5DBF3,keys
Mk I,loc_weapon_mark_ogryn_powermaul_p1_m1,B98C6E6E,keys
Mk I,loc_weapon_mark_powersword_p2_m1,1EE8D731,keys
Mk I & Mk V,loc_weapon_mark_ogryn_powermaul_slabshield_p1_m2,22CC39DC,keys
Mk II,loc_weapon_mark_autogun_p2_m1,7602656C,keys
Mk II,loc_weapon_mark_combataxe_p2_m1,38773EDF,keys
Mk II,loc_weapon_mark_combatsword_p3_m1,A0649FA4,keys
Mk II,loc_weapon_mark_forcestaff_p2_m1,D1986BF7,keys
Mk II,loc_weapon_mark_forcesword_p1_m1,A0F22C2E,keys
Mk II,loc_weapon_mark_laspistol_p1_m1,5D67453C,keys
Mk II,loc_weapon_mark_ogryn_club_p2_m2,36C74AE2,keys
Mk II,loc_weapon_mark_ogryn_heavystubber_p2_m3,D6DAE936,keys
Mk II,loc_weapon_mark_ogryn_pickaxe_2h_p1_m3,912A8479,keys
Mk II,loc_weapon_mark_ogryn_rippergun_p1_m1,0F461266,keys
Mk II,loc_weapon_mark_plasmagun_p1_m1,51A91207,keys
Mk II,loc_weapon_mark_powersword_2h_p1_m2,D697552D,keys
Mk II,loc_weapon_mark_thunderhammer_2h_p1_m1,AF53AD8B,keys
Mk II & Mk III,loc_weapon_mark_ogryn_powermaul_slabshield_p1_m1,507E57C3,keys
Mk III,loc_weapon_mark_autogun_p3_m1,C8494A5C,keys
Mk III,loc_weapon_mark_bolter_p1_m2,6C756C81,keys
Mk III,loc_weapon_mark_chainsword_2h_p1_m1,13CB3D97,keys
Mk III,loc_weapon_mark_combataxe_p1_m1,681272AB,keys
Mk III,loc_weapon_mark_combataxe_p3_m2,D40E4643,keys
Mk III,loc_weapon_mark_combatknife_p1_m1,05FA86F0,keys
Mk III,loc_weapon_mark_dual_shivs_p1_m2,8D4FA030,keys
Mk III,loc_weapon_mark_flamer_p1_m1,A5333762,keys
Mk III,loc_weapon_mark_forcestaff_p1_m1,09C098C3,keys
Mk III,loc_weapon_mark_ogryn_club_p1_m1,413CC34F,keys
Mk III,loc_weapon_mark_ogryn_combatblade_p1_m2,9142C190,keys
Mk III,loc_weapon_mark_ogryn_gauntlet_p1_m1,AE84AC79,keys
Mk III,loc_weapon_mark_ogryn_pickaxe_2h_p1_m2,972C55CE,keys
Mk III,loc_weapon_mark_plasmagun_p1_m2,503B3301,keys
Mk III,loc_weapon_mark_powermaul_p1_m2,8A4D7A8F,keys
Mk III,loc_weapon_mark_powermaul_p2_m1,72F95543,keys
Mk III,loc_weapon_mark_powermaul_p3_m1,523AF6DB,keys
Mk III,loc_weapon_mark_powersword_p1_m1,690FCD72,keys
Mk III,loc_weapon_mark_shotgun_p3_m1,D7F2DA97,keys
Mk III,loc_weapon_mark_shotgun_p4_m1,68FAB567,keys
Mk IIIa,loc_weapon_mark_ogryn_heavystubber_p2_m2,48D957D9,keys
Mk IIIb,loc_weapon_mark_ogryn_club_p2_m3,0FD9015D,keys
Mk IIa,loc_weapon_mark_ogryn_hammer_2h_p1_m1,9BFD3700,keys
Mk IIa,loc_weapon_mark_ogryn_heavystubber_p2_m1,56248DAB,keys
Mk IIa,loc_weapon_mark_stubrevolver_p1_m1,C144A761,keys
Mk IIb,loc_weapon_mark_bolter_p1_m1,7B894EA8,keys
Mk IIb,loc_weapon_mark_lasgun_p1_m2,64B0AED4,keys
Mk IIb,loc_weapon_mark_powersword_p2_m2,8E7C222D,keys
Mk IV,loc_weapon_mark_arc_rifle_p1_m1,DBAE4F76,keys
Mk IV,loc_weapon_mark_autogun_p2_m2,3A0A5487,keys
Mk IV,loc_weapon_mark_autopistol_p1_m1,28A38461,keys
Mk IV,loc_weapon_mark_boltpistol_p1_m1,AAFE90A7,keys
Mk IV,loc_weapon_mark_chainaxe_p1_m1,4468AED1,keys
Mk IV,loc_weapon_mark_chainsword_p1_m1,C3B2C810,keys
Mk IV,loc_weapon_mark_combataxe_p2_m2,1A990065,keys
Mk IV,loc_weapon_mark_combatsword_p1_m2,49CBD691,keys
Mk IV,loc_weapon_mark_combatsword_p3_m2,5FA653AB,keys
Mk IV,loc_weapon_mark_forcestaff_p4_m1,A344B561,keys
Mk IV,loc_weapon_mark_forcesword_p1_m2,7247522D,keys
Mk IV,loc_weapon_mark_lasgun_p2_m3,08BE7ED5,keys
Mk IV,loc_weapon_mark_ogryn_combatblade_p1_m3,76E2B026,keys
Mk IV,loc_weapon_mark_ogryn_heavystubber_p1_m2,649CD0AD,keys
Mk IV,loc_weapon_mark_saw_p1_m1,BFAE3222,keys
Mk IV,loc_weapon_mark_shotgun_p2_m3,A61CB9D9,keys
Mk IV,loc_weapon_mark_shotpistol_shield_p1_m1,3B58351B,keys
Mk IV,loc_weapon_mark_thunderhammer_2h_p1_m2,E705BA73,keys
Mk IVe,loc_weapon_mark_powermaul_2h_p1_m1,0F1469C1,keys
Mk IX,loc_weapon_mark_autogun_p3_m3,D01F130E,keys
Mk IX,loc_weapon_mark_combatsword_p2_m3,BCEE6D99,keys
Mk IX,loc_weapon_mark_lasgun_p1_m3,BBE462DE,keys
Mk IX,loc_weapon_mark_shotgun_p1_m3,2312D91C,keys
Mk Ia,loc_weapon_mark_ogryn_pickaxe_2h_p1_m1,EAB3CA20,keys
Mk Ia,loc_weapon_mark_powermaul_p1_m1,7B06523D,keys
Mk V,loc_weapon_mark_autogun_p1_m2,F075B632,keys
Mk V,loc_weapon_mark_combataxe_p1_m2,78F4C116,keys
Mk V,loc_weapon_mark_combatsword_p3_m3,A420CE41,keys
Mk V,loc_weapon_mark_forcesword_p1_m3,FE655B2D,keys
Mk V,loc_weapon_mark_ogryn_club_p1_m3,5C931556,keys
Mk V,loc_weapon_mark_ogryn_heavystubber_p1_m1,B0542050,keys
Mk V,loc_weapon_mark_ogryn_rippergun_p1_m2,66A3C8FD,keys
Mk V,loc_weapon_mark_ogryn_thumper_p1_m1,25399878,keys
Mk VI,loc_weapon_mark_boltpistol_p1_m2,9E082991,keys
Mk VI,loc_weapon_mark_combatknife_p1_m2,3B5606B3,keys
Mk VI,loc_weapon_mark_combatsword_p2_m1,AD7E0EE4,keys
Mk VI,loc_weapon_mark_crowbar_p1_m1,DAB89714,keys
Mk VI,loc_weapon_mark_forcestaff_p3_m1,C999CFC7,keys
Mk VI,loc_weapon_mark_forcesword_2h_p1_m1,61D4537D,keys
Mk VI,loc_weapon_mark_ogryn_combatblade_p1_m1,6C55FCA1,keys
Mk VI,loc_weapon_mark_ogryn_rippergun_p1_m3,6A7AFCFD,keys
Mk VI,loc_weapon_mark_ogryn_thumper_p1_m2,17D7EDA2,keys
Mk VI,loc_weapon_mark_powermaul_shield_p1_m1,E5E81CA4,keys
Mk VI,loc_weapon_mark_powersword_p1_m2,53CA46D0,keys
Mk VI,loc_weapon_mark_powersword_p3_m1,11189F34,keys
Mk VI,loc_weapon_mark_shotgun_p1_m1,3645B37C,keys
Mk VII,loc_weapon_mark_autogun_p3_m2,FDF43468,keys
Mk VII,loc_weapon_mark_combataxe_p2_m3,7A973A59,keys
Mk VII,loc_weapon_mark_combataxe_p3_m3,00A93D86,keys
Mk VII,loc_weapon_mark_combatsword_p1_m3,7FB24E72,keys
Mk VII,loc_weapon_mark_combatsword_p2_m2,6DBD2C09,keys
Mk VII,loc_weapon_mark_lasgun_p1_m1,C99E2FA8,keys
Mk VII,loc_weapon_mark_ogryn_hammer_2h_p1_m3,AFC36B1E,keys
Mk VII,loc_weapon_mark_ogryn_heavystubber_p1_m3,9797C0F1,keys
Mk VII,loc_weapon_mark_ogryn_thumper_p1_m3,054E8D1B,keys
Mk VII,loc_weapon_mark_powermaul_2h_p1_m2,470DEAC5,keys
Mk VII,loc_weapon_mark_shotgun_p1_m2,D1080472,keys
Mk VIII,loc_weapon_mark_autogun_p1_m3,776443CA,keys
Mk VIII,loc_weapon_mark_autogun_p2_m3,83490BCE,keys
Mk VIII,loc_weapon_mark_combataxe_p1_m3,448AEB34,keys
Mk VIII,loc_weapon_mark_forcesword_2h_p1_m2,C80FFCBA,keys
Mk VIII,loc_weapon_mark_shotgun_p4_m2,00F586B8,keys
Mk VIc,loc_weapon_mark_lasgun_p3_m1,0EDCE0C1,keys
Mk X,loc_weapon_mark_laspistol_p1_m3,52660EC2,keys
Mk X,loc_weapon_mark_powersword_2h_p1_m1,F55D76C5,keys
Mk XI,loc_weapon_mark_phosphor_pistol_p1_m1,4A084207,keys
Mk XI,loc_weapon_mark_powermaul_shield_p1_m2,11D72DD2,keys
Mk XI,loc_weapon_mark_shotgun_p2_m1,B9E73EA5,keys
Mk XI,loc_weapon_mark_transonic_sword_transonic_knife_p1_m1,0255A369,keys
Mk XII,loc_weapon_mark_chainaxe_p1_m2,48754CDA,keys
Mk XII,loc_weapon_mark_lasgun_p3_m2,A631AB90,keys
Mk XIIIg,loc_weapon_mark_chainsword_p1_m2,BA31CEEB,keys
Mk XIV,loc_weapon_mark_lasgun_p3_m3,7FFA060F,keys
Mk XIV,loc_weapon_mark_stubrevolver_p1_m2,AAF0E52E,keys
Mk XIX,loc_weapon_mark_ogryn_club_p1_m2,D9893802,keys
Mk XV,loc_weapon_mark_chainsword_2h_p1_m2,73A7F351,keys
MkIII,loc_weapon_mark_dual_autopistols_p1_m1,61C3E912,keys
MkVI,loc_weapon_mark_needlepistol_p1_m1,2397109E,keys
MkVIII,loc_weapon_mark_dual_stubpistols_p1_m1,1D96E928,keys
Mobile,loc_weapon_keyword_mobile,05D05C4D,keys
Mobile Emplacement,loc_talent_ogryn_bracing_reduces_damage_taken,D5FDB21F,keys
Mobility,loc_stats_display_mobility_stat,5331382B,keys
Modifiers,loc_item_information_stats_title_modifiers,C1020946,game_source
Moebian 21st,loc_havoc_armored_infected_name,268056A6,keys
Moebian VIth Outpost,loc_cartel_outpost_full,FE3647CA,keys
Moebian VIth Outpost,loc_cartel_outpost_short,46BDC4D0,keys
Momentum,loc_trait_bespoke_toughness_recovery_on_multiple_hits,E4CB3EFD,keys
Monstrosities Damage Dealt,loc_stat_display_boss_damage_dealt,40DFFB34,keys
Monstrosity Hunter,loc_talent_adamant_monster_hunter,BD4A689A,keys
More Burst Limiter Overrides!,loc_talent_ogryn_increased_leadbelcher_chance,FE93DBDF,keys
Mortis Trials,loc_horde_title,822EFA13,keys
Movement Speed Boost,loc_talent_movement_speed_low,F33149A6,keys
"Moving grants you Momentum (Stacks {max_stacks:%s} times).

When you Hit an Enemy, spend all Momentum, gaining {melee_attack_speed:%s} Melee Attack Speed, {ranged_attack_speed:%s} Ranged Attack Speed, and {damage_modifier:%s} Damage per Stack. Lasts {duration:%s}s.",loc_talent_zealot_quickness_desc,634BDCC4,keys
Multi Purpose,loc_weapon_keyword_multi_purpose,D9930A96,keys
Mutant,loc_breed_display_name_cultist_mutant,185B3896,keys
Mutated Horrors,loc_circumstance_nurgle_explosion_01_title,CDB24482,keys
Mutated Horrors,loc_circumstance_nurgle_explosion_2026_01_title,80B80229,keys
Mutated Horrors plus Hi-Intensity Hunting Grounds,loc_circumstance_nurgle_explosion_02_title,83F10E26,keys
Mutated Horrors plus Hi-Intensity Hunting Grounds,loc_circumstance_nurgle_explosion_2026_02_title,B2E004C7,keys
Mutated Horrors plus Hi-Intensity Shock Troop Gauntlet,loc_circumstance_nurgle_explosion_07_title,3FE4B792,keys
Mutated Horrors plus Hi-Intensity Shock Troop Gauntlet,loc_circumstance_nurgle_explosion_2026_07_title,A6169F33,keys
Mutated Poxwalker,loc_breed_display_name_chaos_lesser_mutated_poxwalker,961515ED,keys
N/A,loc_settings_option_unavailable,488C87EC,keys
N/A,loc_social_menu_no_name_or_activity,0B302829,keys
NUMPAD 0,loc_keyboard_input_numpad_0,D2F96997,keys
NUMPAD 1,loc_keyboard_input_numpad_1,543ABD81,keys
NUMPAD 2,loc_keyboard_input_numpad_2,48B574E3,keys
NUMPAD 3,loc_keyboard_input_numpad_3,ABF20ADF,keys
NUMPAD 4,loc_keyboard_input_numpad_4,7AB7EBC8,keys
NUMPAD 5,loc_keyboard_input_numpad_5,F8CC2DA8,keys
NUMPAD 6,loc_keyboard_input_numpad_6,0687E7ED,keys
NUMPAD 7,loc_keyboard_input_numpad_7,17917900,keys
NUMPAD 8,loc_keyboard_input_numpad_8,32E28C7C,keys
NUMPAD 9,loc_keyboard_input_numpad_9,2FC23372,keys
Needle Pistol,loc_weapon_family_needlepistol_p1_m1,7C20BA03,keys
Needle Pistol,loc_weapon_family_needlepistol_p1_m2,5C6D670C,keys
New Weekly Contracts are available,loc_notification_new_contract,89FFE8A2,keys
Night Mission,loc_expeditions_modifier_simple_theme_darkness,86780B64,keys
No Escape,loc_talent_adamant_elite_special_kills_offensive_boost,6F331228,keys
"No Guts, No Glory",loc_trait_bespoke_toughness_regen_on_punching_elites,5DA2FC91,keys
No Lenience,loc_talent_adamant_exterminator_stack_during_activation,E3AA4980,keys
No Man's Land,loc_mission_name_op_no_mans_land,46A42622,keys
No Mercy for the Traitor!,loc_talent_zealot_3_passive_1,830D54B0,keys
No Pushover,loc_talent_ogryn_blocking_reduces_push_cost,4594653E,keys
No Respite,loc_trait_bespoke_stagger_count_bonus_damage,0D7DA51D,keys
No Stopping Me!,loc_talent_ogryn_windup_is_uninterruptible,C63C5E99,keys
Noble Prerogative,loc_circumstance_story_spillway_01_title,1BBC3D64,keys
Non-Warp Ranged Critical Hits Quell {percent:%s} Peril.,loc_talent_psyker_ranged_crits_vent_desc,70CB8763,keys
Non-Weakspot Hits grant {strength:%s} Weakspot Strength on next Weakspot Hit. {max_stacks:%s} Max Stacks.,loc_talent_adamant_stacking_weakspot_strength_desc,DA09F0CC,keys
None,loc_setting_com_wheel_tap_none,528E1B4C,game_source
Noospheric Command,loc_talent_cryptic_servo_skull_improved_tagging,DD8D8400,game_source
Not Far Behind,loc_talent_adamant_pinning_dog_bonus_moving_towards,8F9342AF,keys
Number of Stamina segments.,loc_stats_display_stamina_title_desc,91C28C80,keys
Nuncio-Aquila,loc_talent_ability_area_buff_drone,82756B8C,keys
Obliterating,loc_weapon_keyword_thunder_hammer,C6A6DE52,keys
Obstinate,loc_talent_adamant_bullet_rain_tdr,164CD29A,keys
Off,loc_setting_checkbox_off,BD4D1539,keys
Off,loc_settings_menu_off,088781C2,keys
Offline,loc_social_menu_player_online_status_offline,DE54B7D9,keys
Ogryn,loc_class_ogryn_name,DEB216F4,keys
Ogryn,loc_class_ogryn_title,E6BE00D6,keys
Ogryn: Skullbreaker,loc_class_ogryn-skullbreaker_title,E6C4EAB7,keys
On,loc_setting_checkbox_on,38E037BB,keys
On,loc_settings_menu_on,2BBABB2A,keys
"On Ability use, for {duration%s}s any Weakspot hits gain {power%s} Strength.

When using {talent_name:%s}, this is applied after leaving Stealth.",loc_talent_veteran_ability_marksman_desc,94EAC308,keys
"On Combat Ability, Gain {strength:%s} Strength for each stack. Lasts {duration:%s}s. Removes all Stacks.",loc_talent_adamant_forceful_ability_damage,5C5993F8,keys
"On Hit, gain Free Fire (Stacks {stacks:%s} times).

At {max_stacks:%s} Stacks, your next Shot activates {talent_name:%s} for {duration:%s}s.

{talent_name:%s} grants {ranged_damage:%s} Ranged Damage, {suppression_dealt:%s} Suppression and you have No Ammo Consumption.",loc_talent_adamant_bullet_rain_desc,E87795E0,keys
"On Perfect Block, gain {damage:%s} Damage and {attack_speed:%s} Attack Speed for {duration:%s}s.",loc_talent_adamant_perfect_block_damage_boost_desc,D1AFE711,keys
On Your Toes,loc_talent_veteran_weapon_switch_replenish_toughness,4D8F7E13,keys
"On taking Damage, heal {damage_reduction:%s} of that Damage. Occurs over {time:%s}s.",loc_talent_zealot_heal_damage_taken_desc,C39C8D71,keys
One Motion,loc_talent_veteran_reduce_swap_time,834FFCCA,keys
One with the Warp,loc_talent_psyker_toughness_damage_reduction_from_warp_charge,96A29F5E,keys
Only In Death Does Duty End,loc_talent_veteran_combat_ability_revives,9533A7E9,keys
Onslaught,loc_talent_veteran_continous_hits_apply_rending,89EF54AB,keys
Open the Gate,loc_objective_psykhanium_machine_open_gate_desc,0F9E828A,game_source
Opening Salvo,loc_talent_veteran_bonus_crit_chance_on_ammo,F15FDE11,keys
Operations,loc_zone_name_operations_short,3844B5A4,keys
Operative,loc_character_view_display_name,C220CC49,keys
Operative Modifier,loc_glossary_talent_stat,68AFB5D3,keys
Operative Selection,loc_hud_presence_main_menu,4A3AFA1F,keys
Opportunist,loc_trait_bespoke_armor_penetration_against_staggered,738F6C19,keys
Options,loc_options_view_display_name,9AEA3B99,keys
Other,loc_settings_menu_group_other_settings,44CDF9DC,keys
Other Talents,loc_tactical_overlay_build_talents_other,0B50AE5B,game_source
Out for Blood,loc_circumstance_player_journey_010_title,668AA946,keys
Out for Blood,loc_talent_veteran_all_kills_replenish_toughness,E1EC88BF,keys
Outgunned,loc_circumstance_plasma_smugglers_default_title,A1C2E3F7,keys
Outgunned (Power Supply Interruption),loc_circumstance_plasma_smugglers_darkness_title,D6857244,keys
Outgunned (Pox Gas),loc_circumstance_plasma_smugglers_toxic_gas_title,68C56480,keys
Outgunned (Ventilation Purge),loc_circumstance_plasma_smugglers_ventilation_title,89267A56,keys
Outgunned + Hunting Packs,loc_circumstance_plasma_smugglers_hunting_grounds_title,45B49204,keys
Outgunned plus Hi-Intensity Shock Troop Gauntlet,loc_circumstance_plasma_smugglers_waves_of_specials_title,6FAEA192,keys
Overload,loc_explosion_on_overheat_lockout,1809B21C,uk_cache
"Overloading through Perils of the Warp no longer knocks you down, but you still take the appropriate Corruption Damage.",loc_talent_psyker_alternative_peril_explosion_desc,893E4FE4,keys
Overpowering Souls,loc_talent_psyker_empowered_ability_on_elite_kills,FAEA4485,keys
Overpressure,loc_trait_bespoke_power_scales_with_clip_percentage,568C86D7,keys
Overwatch,loc_talent_veteran_combat_ability_extra_charge,08974B61,keys
Pacemaker,loc_talent_ogryn_reload_speed_on_multiple_hits,3E43FC29,keys
Pack Master,loc_breed_display_name_chaos_ogryn_houndmaster,ED176334,keys
Pained Outburst,loc_talent_ogryn_carapace_armor_trigger_on_zero_stacks,307E4378,keys
Paired Transonic Blades,loc_weapon_family_transonic_sword_transonic_knife_p1_m1,D4F27241,keys
Part of the Squad,loc_talent_adamant_companion_coherency,CE3146D6,keys
Party Finder,loc_group_finder_menu_title,85917B0C,keys
Passive,loc_glossary_talent_default,5677C2BD,keys
Payback Time,loc_talent_ogryn_revenge_damage,B8069177,keys
Penances,loc_achievements_view_display_name,339E0BBC,keys
Penetrating Flame,loc_trait_bespoke_armor_rending_from_dot_burning,E02D8784,keys
Penetration,loc_stats_display_ap_stat,6093B7AD,keys
Penetration (Blast),loc_stats_display_explosion_ap_stat,5C25B999,keys
Penetration of the Soul,loc_talent_psyker_warp_attacks_rending,5437D8C9,keys
"Perfect Blocks can block All Attacks. On reaching {stamina:%s} Stamina, release a small shockwave, staggering enemies around you. {cooldown:%s}s Cooldown.",loc_talent_adamant_forceful_stamina_block_and_push_alt_description,BB52AF8F,keys
Perfect Timing,loc_talent_psyker_crits_empower_next_attack,DC8EE87D,keys
Perfectionism,loc_talent_psyker_mark_increased_max_stacks,AF94AB08,keys
Perfectionist,loc_talent_zealot_stealth_increased_damage,997E4534,keys
Perform Special Attack,loc_weapon_special_objective,4CD61E8B,keys
Peril,loc_ranged_warp_charge,9EDE28D4,keys
Peril Resistance,loc_talent_warp_charge_low,896FCEDE,keys
Perilous Assault,loc_talent_psyker_force_staff_melee_attack_bonus,156DECB9,keys
Perilous Combustion,loc_talent_psyker_elite_kills_add_warpfire,EFE217B7,keys
Perk,loc_item_type_perk,14451170,keys
Phosphor Blast Pistol,loc_weapon_family_phosphor_pistol_p1_m1,82C751CF,keys
Pick up {count:%d} {kind:%s},loc_contracts_task_label_collect_pickups,CF1BA080,keys
Piercing Shots,loc_weapon_keyword_piercing_shots,85745E22,keys
Pious Cut-Throat,loc_talent_zealot_backstab_kills_restore_cd,5BF093A5,keys
"Place a refitted Medi-Pack on the ground, bolstering you and your allies. Operatives breathing the Pack’s gas heal up to {total_corruption_heal:%s} Corruption over time and become immune to it.

Additionally, if you have a Stimm equipped, {stimm_field:%s} will copy its contents and disperse them into the air, granting its effects to any nearby allies. Individual Stimm effects diminish by {diminishing_returns:%s} with each stack.

Base Cooldown: {cooldown:%s}s.",loc_talent_broker_ability_stimm_field_desc_2,483C7007,keys
Plague Ogryn,loc_breed_display_name_chaos_plage_ogryn,F39AEFF2,keys
Plague Ogryn,loc_plague_ogryn_name,635EBD0B,keys
Plasma Gun,loc_weapon_family_plasmagun_p1_m1,0B2B5978,keys
Plasma Gun,loc_weapon_family_plasmagun_p1_m2,5C41DC62,keys
Plasma Guns,loc_class_selection_unique_weapon_veteran_ranged_1,95C33D4B,uk_cache
Plasteel,loc_currency_name_plasteel,3D1781D7,game_source
Plasteel Plates,loc_talent_adamant_plasteel_plates,EF3C0C4A,keys
Point-Blank Barrage,loc_talent_ogryn_combat_ability_special_ammo,7E117AB1,keys
Polish,loc_group_finder_language_polish,9F428461,uk_cache
Portuguese,loc_group_finder_language_portuguese,A4BD5C4C,uk_cache
Potent Tox,loc_talent_toxin_damage_boost,D8D25992,keys
Power Channeling,loc_weapon_keyword_melee_power_bonus_scaled_on_special_charges,69CBDA67,keys
Power Falchion,loc_weapon_family_powersword_p2_m1,9A09069D,keys
Power Falchion,loc_weapon_family_powersword_p2_m2,65427784,keys
Power Matrix HL-17-36,loc_mission_name_lm_cooling,2B87A092,keys
Power Maul,loc_weapon_family_ogryn_powermaul_p1_m1,FB9CA538,keys
Power Output,loc_stats_display_power_output,E7D487A8,keys
Power Supply Interruption,loc_circumstance_darkness_title,155B89AF,keys
Power Surge,loc_trait_bespoke_explosion_on_activated_attacks_on_armor,A96DBB8F,keys
Power Switch,loc_interactable_power,AB8E92FA,uk_cache
Power Sword,loc_weapon_family_powersword_p1_m1,15031F9D,keys
Power Sword,loc_weapon_family_powersword_p1_m2,011852C3,keys
Power Weapon,loc_weapon_keyword_power_weapon,FF787963,keys
Pox Burster,loc_achievements_117,88D4999A,uk_cache
Pox Gas,loc_circumstance_toxic_gas_title,3EBD979F,keys
Pox Gas (Tox Bomber),loc_circumstance_toxic_gas_cultist_grenadier_title,C7FD40DB,keys
Pox Hound,loc_breed_display_name_chaos_hound,70CA843D,keys
Poxburster,loc_breed_display_name_chaos_poxwalker_bomber,AF175846,keys
Poxwalker,loc_breed_display_name_chaos_poxwalker,B3631240,keys
Poxwalkers,loc_credits_view_poxwalkers_title,353BA961,game_source
Preacher,loc_archetype_specialization_zealot_maniac,854B23DD,keys
Precise,loc_weapon_keyword_accurate,96E6A606,keys
Precision Strikes,loc_talent_veteran_increased_weakspot_damage,C82BFB26,keys
Precognition,loc_ability_psyker_overcharge_weakspot,17699256,keys
Prescience,loc_ability_psyker_gunslinger_aura,23F5F870,keys
"Press the new button for this action or {#color(226,199,126)}{cancel_input:%s}{#reset()} to cancel.",loc_setting_keybinding_press_new_button,D1758A19,keys
Press {input:%s} to continue,loc_title_view_input_description,AAC7C792,keys
Previous Missions,loc_social_menu_roster_players_from_previous_missions,0BE74B2D,keys
Primary Action,loc_weapon_action_title_primary,8900F6B8,keys
Primary Weapon,loc_inventory_title_slot_primary,727EC67D,keys
Priority Endowment,loc_talent_adamant_clip_size,DA3B1720,keys
Probitor 1st Class,loc_havoc_militarium_rank_06,710644D7,keys
Probitor 2nd Class,loc_havoc_militarium_rank_05,B52D10A4,keys
Profane,loc_item_weapon_rarity_1,361D21C8,keys
Progression,loc_class_progression_title,386D063D,keys
"Projectiles from {talent_name:%s} now pierce additional targets.
",loc_talent_psyker_throwing_knives_pierce_description,392C597F,keys
Prosecution Blow,loc_talent_adamant_crits_rend,E58EF98A,keys
Psychic Leeching,loc_talent_psyker_empowered_chain_lightnings_replenish_toughness_to_allies,756C452B,keys
Psychic Vampire,loc_talent_psyker_souls_on_kill_coop,302ABAE8,keys
Psyker,loc_class_psyker_name,9EF033B3,keys
Psyker,loc_class_psyker_title,55B4BC30,keys
Psyker: Psykinetic,loc_class_psyker-psykinetic_title,82624F99,keys
Psykhanium,loc_mission_name_tg_basic_combat_01,67C1294F,keys
Psykhanium,loc_training_ground_view,563EA9F8,keys
Psykinetic's Aura,loc_talent_psyker_elite_kills_give_combat_ability_cd_coherency,11CF3850,keys
Psykinetic's Wrath,loc_talent_psyker_2_combat,F79DD1BD,keys
Pull the Lever,loc_objective_psykhanium_pull_power_lever_01_header,F6F7B252,game_source
Pulverise,loc_talent_ogryn_bleed_on_bull_rush,335781C4,keys
Punishing Fire,loc_trait_bespoke_shot_power_bonus_after_weapon_special_cleave,E215D96E,keys
Punishment,loc_talent_zealot_multi_hits_increase_impact,0AA70F49,keys
Puppet Master,loc_talent_psyker_coherency_size_increase,3D9CAF6E,keys
"Purchase items with Aquilas. The stock is always changing, so be sure to check in frequently.",loc_store_view_display_name_description,537750A4,keys
Purgation Flamer,loc_weapon_family_flamer_p1_m1,3A1829FC,keys
Purge and Purify,loc_circumstance_player_journey_02_title,1B089A6F,keys
Purge the Unclean,loc_talent_zealot_3_passive_2,57C6F92B,keys
Purloin Providence,loc_talent_psyker_mark_kills_can_vent,C9B1EE8E,keys
Pus-hardened Skin,loc_havoc_tougher_skin_name,BD293EBC,keys
Pushing Enemies restores one stack of {talent_name:%s}.,loc_talent_ogryn_carapace_armor_add_stack_on_push_desc,60AC22BF,keys
Pushing grants {cleave:%s} Cleave for {duration:%s}s.,loc_talent_adamant_cleave_after_push_desc,1389250B,keys
Qualities to include,loc_discard_items_view_rarity_title,01E85826,keys
Quarantine Breach,loc_circumstance_player_journey_05_title,5430D562,keys
Quell Speed,loc_stats_display_vent_speed,2B10D40A,keys
Quell {warpcharge_vent:%d} Peril & Stagger enemies in front of you.,loc_talent_psyker_2_combat_description,32ED4934,keys
Quelling,loc_end_of_round_psyker_001,25EEF9D7,uk_cache
Quick Shards,loc_talent_psyker_throwing_knives_reduced_cooldown,55E1656B,keys
"Quick to use Grenade that staggers enemies.

Every {num_kills:%s} Kills at Close Range generate {num_charges:%s} Grenade(s).

{max_charges:%s} Max Grenades.",loc_talent_broker_blitz_flash_grenade_desc,9CB00AEE,keys
Quickdraw Stub Revolver,loc_weapon_family_stubrevolver_p1_m1,BA07E817,keys
Quickdraw Stub Revolver,loc_weapon_family_stubrevolver_p1_m2,8B0762E9,keys
Quietude,loc_talent_psyker_toughness_from_vent,742E490A,keys
Quit Game,loc_quit_game_display_name,3BE1501E,keys
Ragers,loc_breed_berzerker_generic_name,7F5DA2CC,keys
Raid,loc_mission_type_01_name,25A6B337,keys
Railroaded,loc_circumstance_player_journey_01_title,798FD2AF,keys
Rampage,loc_trait_bespoke_increased_melee_damage_on_multiple_hits,AB832D02,uk_cache
Rampage!,loc_talent_broker_ability_punk_rage,B37505A2,keys
Rampaging Enemies,loc_havoc_bolstering_enemies_name,B24F55E2,keys
Range,loc_stats_display_range_stat,36469D55,keys
Ranged,loc_setting_ranged,29575DA3,game_source
Ranged Attacks,loc_glossary_term_ranged_attacks,377DD245,game_source
Ranged Attacks apply {stacks:%s} Stacks of Burn while {ability:%s} is active.,loc_talent_ogryn_special_ammo_fire_shots_desc,7817206A,keys
Ranged Damage Boost,loc_talent_ranged_damage_medium,4530D417,keys
Ranged Specialist,loc_achievement_secondary_weapon_max_expertise_name,ED99AF69,game_source
Ranged Weapons,loc_glossary_term_ranged_weapons,9245BC66,game_source
Ransacked Routes,loc_circumstance_barren_default_title,20F8FA45,keys
Ransacked Routes (Hunting Grounds),loc_circumstance_barren_hunting_grounds_title,ACA66447,keys
Ransacked Routes (Power Supply Interruption),loc_circumstance_barren_darkness_title,3FBC4AEF,keys
Ransacked Routes (Shock Troop Gauntlet),loc_circumstance_barren_waves_of_specials_title,5FE9E157,keys
Ransacked Routes (Ventilation Purge),loc_circumstance_barren_ventilation_title,547300D5,keys
Rapid Fire,loc_weapon_keyword_rapid_fire,19ACD01E,keys
Rapid Movement,loc_talent_adamant_sprinting_sliding,C99D6967,keys
Rarity,loc_inventory_item_grid_sort_title_rarity,0D0C2CFC,game_source
Rating lower than,loc_discard_items_view_rating_lower,599E4F5B,keys
Ravage,loc_weapon_keyword_sawing,09DE5A4A,keys
Razor-Jaw Augment,loc_talent_adamant_dog_pounces_bleed_nearby,FD617D6E,keys
Reality Anchor,loc_ability_psyker_overcharge_reduced_warp_charge,ED1671B1,keys
Reaper,loc_breed_display_name_chaos_ogryn_gunner,6782F26C,keys
Reassuringly Accurate,loc_trait_bespoke_toughness_on_crit_kills,F59C278D,keys
Rebreather,loc_talent_adamant_rebreather,BAD9764C,keys
Reciprocity,loc_talent_veteran_dodging_grants_crit,C46EEE42,keys
Recon Lasgun,loc_weapon_family_lasgun_p3_m1,05EC23E3,keys
Recon Lasgun,loc_weapon_family_lasgun_p3_m2,E880229B,keys
Recon Lasgun,loc_weapon_family_lasgun_p3_m3,2771F3B8,keys
Reconnect,loc_popup_reconnect_to_session_reconnect_button,9BD03E82,keys
Recover Relics,loc_objective_side_mission_consumable_header,23854192,keys
Recover Scriptures,loc_objective_side_mission_tome_header,16E34A0D,keys
"Recover {toughness:%s} toughness when hitting an enemy with a heavy attack, based on charge time.",loc_trait_bespoke_toughness_on_hit_based_on_charge_time_desc,B386C76E,keys
Redeemed,loc_item_weapon_rarity_2,8C73CE61,keys
Redirect Fire!,loc_talent_veteran_improved_tag_dead_coherency_bonus,16F9E496,keys
Redoubled Zeal,loc_talent_zealot_dash_has_more_charges,973B6F3C,keys
Refill Ammo,loc_pickup_deployable_ammo_crate_01,7FB5AADF,keys
Refinery Delta-17,loc_mission_name_hm_strain,EC8B687C,keys
Refreshed Dodge Efficiency on Weak Spot Hit.,loc_trait_bespoke_dodge_count_reset_on_weakspot_hit_desc,08365BF8,keys
Regen,loc_player_stats_element_stat_title_stamina_regen,B2825678,uk_cache
Regen Rate,loc_player_stats_element_stat_title_toughness_regen_rate,84496064,uk_cache
Relay Station,loc_interactable_lever_small_rotate_antenna_03,94F24A50,uk_cache
Relay Station TRS-150,loc_mission_name_dm_propaganda,BD5BA486,keys
Relic,loc_pickup_side_mission_consumable_01,9B41E691,game_source
Relic Blade,loc_weapon_family_powersword_2h_p1_m1,8860ADDB,keys
Relic Blade,loc_weapon_family_powersword_2h_p1_m2,94AF3A54,keys
Relics in Ruins,loc_circumstance_leftover_default_title,1311C13B,keys
Relics in Ruins (Hunting Grounds),loc_circumstance_leftover_hunting_grounds_title,BC6A722B,keys
Relics in Ruins (Power Supply Interruption),loc_circumstance_leftover_darkness_title,BD3BC99F,keys
Relics in Ruins (Pox Gas),loc_circumstance_leftover_gas_title,750307EC,keys
Relics in Ruins (Shocktroop Gauntlet),loc_circumstance_leftover_waves_of_specials_title,36E7C7FF,keys
Relics in Ruins (Ventilation Purge),loc_circumstance_leftover_ventilation_title,829614E7,keys
Reload Boost,loc_talent_reload_speed_low,4FFB1B26,keys
Reload Boost,loc_talent_reload_speed_medium,0B65D4AE,keys
Reload Speed,loc_stats_display_reload_speed_stat,B29EBD1F,keys
Reload Weapon,loc_ingame_weapon_reload,EF2C935D,keys
Reloaded and Ready,loc_talent_ogryn_ranged_damage_on_reload,D7AC6751,keys
Remote Detonation,loc_talent_ability_detonate,C6CB4EEE,keys
Rending Boost,loc_talent_armor_pen_low,0F32D9D2,keys
Rending Shockwave,loc_trait_bespoke_rend_armor_on_aoe_charge,8AF2F9EE,keys
Rending Strikes,loc_talent_veteran_rending_bonus,85EF3EFB,keys
Repair,loc_mission_type_07_name,C962C76E,keys
"Replenish all Toughness and enter Stealth for {duration:%s}s, gaining {movement_speed:%s} Movement Speed. Leaving Stealth Suppresses nearby Enemies. Attacking makes you leave Stealth.

Base Cooldown: {cooldown:%s}s.",loc_talent_veteran_invisibility_on_combat_ability_desc,E7649F2E,keys
"Replenish all Toughness and enter {talent_name:%s} for {duration:%s}s. For the duration, gain {power:%s} Melee Power, {attack_speed:%s} Melee Attack Speed and {damage_taken:%s} Damage Reduction, as well as becoming Stun and Suppression immune.

Melee Strikes extend the duration by {rage_duration_extend:%s}s. After {rage_duration_max:%s}s, the duration extension granted by each hit is reduced.

Base Cooldown: {cooldown:%s}s.",loc_talent_broker_ability_punk_rage_desc_3,BE0F1026,keys
"Replenish all Toughness and enter {talent_name:%s} for {duration:%s}s. For the duration, gain {power:%s} Melee Power, {attack_speed:%s} Melee Attack Speed and {damage_taken:%s} Damage Reduction, as well as becoming Stun and Suppression immune.

Melee Strikes extend the duration by {rage_duration_extend:%s}s. After {rage_duration_max:%s}s, the extending becomes diminished.

Upon exiting {talent_name:%s}, lose all Stamina and become Exhausted for {exhaust_duration:%s}s, gaining {exhaust_damage_taken:%s} Damage Taken and {exhaust_stamina_regeneration:%s} Stamina Regeneration Speed for the duration.

Base Cooldown: {cooldown:%s}s.",loc_talent_broker_ability_punk_rage_desc_2,DC96771C,keys
Replenish {ammo:%s} Ammo for you and Allies in Coherency whenever any of you Kill an Elite or Specialist Enemy.,loc_talent_veteran_elite_kills_grant_ammo_coop_desc,B687AEF4,keys
"Replenish {ammo_2:%s} Ammo for you and Allies in Coherency whenever any of you Kill an Elite or Specialist Enemy.

This is an augmented version of {talent_name:%s}.",loc_talent_veteran_elite_kills_grant_ammo_coop_improved_desc,9B3CF15A,keys
Replenish {amount:%d} Grenade(s) every {time:%d}s.,loc_talent_ranger_replenish_grenade_desc,F4FA09E4,keys
"Replenish {instant_toughness:%s} Toughness instantly, and {toughness:%s} Toughness over {duration:%s}s, on Elite or Specialist Kill.",loc_talent_adamant_elite_special_kills_replenish_toughness_desc,2EC3A4DD,keys
Replenish {toughness:%s} Toughness after hitting a single Enemy with a Heavy Melee Attack.,loc_talent_ogryn_toughness_on_single_heavy_desc,DCF82E5E,keys
Replenish {toughness:%s} Toughness after hitting multiple Enemies with a single Heavy Melee Attack.,loc_talent_ogryn_toughness_on_multiple_desc,821FD049,keys
Replenish {toughness:%s} Toughness and gain {toughness_damage_reduction:%s} Toughness Damage Reduction for {duration:%s}s on Ranged Weakspot Kill. Stacks {stacks:%s} times.,loc_talent_veteran_toughness_on_weakspot_kill_desc,C2E67835,keys
Replenish {toughness:%s} Toughness for each spent Stack of Momentum.,loc_talent_zealot_quickness_toughness_per_stack_desc,9F702628,keys
Replenish {toughness:%s} Toughness for each {warp_charge:%s} of Peril Quelled.,loc_talent_psyker_toughness_from_vent_desc,DE281216,keys
Replenish {toughness:%s} Toughness for every shot fired while {ability:%s}  is active.,loc_talent_ogryn_special_ammo_toughness_desc,789F2F67,keys
Replenish {toughness:%s} Toughness for every {warp_charge:%s} Peril Generated.,loc_talent_psyker_warp_charge_generation_generates_toughness_description,A198656E,keys
Replenish {toughness:%s} Toughness on Block.,loc_talent_adamant_shield_plates_desc,B57B0152,keys
Replenish {toughness:%s} Toughness on Close Kill.,loc_talent_adamant_close_kills_restore_toughness_desc,550CE63D,keys
"Replenish {toughness:%s} Toughness on Elite or Specialist Enemy Kill, and a further {toughness_over_time:%s} Toughness over {duration:%s}s.",loc_talent_veteran_toughness_on_elite_kill_desc,B0B81B76,keys
Replenish {toughness:%s} Toughness on Heavy Attack Kill.,loc_talent_zealot_toughness_on_heavy_kills_desc,D50C0DD8,keys
Replenish {toughness:%s} Toughness on Ranged Kill.,loc_talent_zealot_toughness_on_ranged_kill_desc,76C6D005,keys
Replenish {toughness:%s} Toughness on Staggering Attack.,loc_talent_adamant_staggers_replenish_toughness_desc,ED63CD74,keys
Replenish {toughness:%s} Toughness on Warp Attack Kill.,loc_talent_psyker_toughness_on_warp_kill_desc,FFB1D758,keys
Replenish {toughness:%s} Toughness on a Successful Dodge.,loc_talent_zealot_toughness_on_dodge_desc,7B3709D4,keys
Replenish {toughness:%s} Toughness over {time:%s}s on gaining Warp Charge. Gaining a new Warp Charge during this time resets the timer.,loc_talent_psyker_toughness_regen_on_soul_desc,FC9F3C0B,keys
Replenish {toughness:%s} Toughness over {time:%s}s on leaving Stealth. Also gain {damage:%s} Damage Reduction for {time:%s}s.,loc_talent_zealot_leaving_stealth_restores_toughness_desc,E98DB4AE,keys
Replenish {toughness:%s} Toughness per Enemy Hit with {ability:%s}.,loc_talent_ogryn_toughness_on_bull_rush_desc,59B32C78,keys
Replenish {toughness:%s} Toughness per second when there are no Enemies within {range:%s}m.,loc_talent_veteran_replenish_toughness_outside_melee_desc,B3516565,keys
Replenish {toughness:%s} Toughness per second while within {range:%s} metres of at least {num_enemies:%s} Enemies.,loc_talent_zealot_toughness_regen_in_melee_desc,77834D49,keys
Replenish {toughness:%s} Toughness per second while within {range:%s}m of your Cyber-Mastiff.,loc_talent_adamant_toughness_regen_near_companion_desc,F6BC6FB8,keys
Replenish {toughness_amount:%s} Toughness every {interval:%s} seconds.,loc_talent_buff_toughness_during_stimm,6DD3D484,keys
Replenish {toughness_amount:%s} Toughness.,loc_talent_buff_toughness_on_stimm,75149821,keys
"Replenishes your Toughness & Staggers all Enemies within {range:%s}m.

Base Cooldown {cooldown:%s}s.",loc_talent_veteran_combat_ability_stagger_nearby_enemies_description,E3FF1400,keys
Requisition Weapons & Curios,loc_credits_vendor_view_option_buy,0392090A,keys
Reset to default settings,loc_settings_menu_reset_to_default,7D46CFF7,keys
Restart required,loc_popup_settings_require_restart_header,ECAE7D6B,keys
Restore Settings,loc_popup_header_settings_reset_default,5D5A06FA,keys
Restoring Faith,loc_talent_zealot_heal_damage_taken,A90F2F4A,keys
Retaliatory Force,loc_talent_adamant_perfect_block_damage_boost,70A444B4,keys
Retributor's Stance,loc_talent_zealot_quickness_toughness_per_stack,AF56F063,keys
Revives,loc_stat_display_revives,17A067E9,keys
Right,loc_alias_view_right,1E65F6C3,game_source
Right Arrow,loc_keyboard_input_arrow_right,40B9D1F9,keys
Righteous Warrior,loc_talent_zealot_fanatic_rage_improved,4AE53808,keys
Rinda Karnak,loc_breed_display_name_renegade_twin_captain_two,ED688785,keys
Ripper Gun,loc_weapon_family_ogryn_rippergun_p1_m1,DB110980,keys
Ripper Gun,loc_weapon_family_ogryn_rippergun_p1_m2,90A6E893,keys
Ripper Gun,loc_weapon_family_ogryn_rippergun_p1_m3,1FCA2076,keys
Rising Heat,loc_trait_bespoke_power_bonus_scaled_on_heat,D4F69CB8,keys
Rodin Karnak,loc_breed_display_name_renegade_twin_captain,08F5BCC8,keys
"Rodin Karnak, Prophet of Decay",loc_breed_display_name_renegade_wizard_spillway,4BCA394E,keys
Rolling Steel,loc_mission_name_op_train,84BBB65B,keys
Rotten Armour,loc_circumstance_live_rotten_armor_title,27DCF283,keys
Rotten Armour,loc_havoc_rotten_armor_name,24295F2D,keys
Rotten Armour and Hunting Grounds,loc_circumstance_live_rotten_armor_hunt_grou_title,AB4A8DBB,keys
Rotten Armour and Power Supply Interruption,loc_circumstance_live_rotten_armor_darkness_title,B634B860,keys
Rotten Armour and Pox Gas,loc_circumstance_live_rotten_armor_gas_title,C5EAF58B,keys
Rotten Armour and Shock Troop Gauntlet,loc_circumstance_live_rotten_armor_waves_spec_title,661FC8F4,keys
Rotten Armour and Ventilation Purge,loc_circumstance_live_rotten_armor_ventilation_title,B4E9DF10,keys
Ruffian,loc_talent_broker_aura_ruffian,3B445793,keys
Rumbler,loc_weapon_family_ogryn_thumper_p1_m2,48061EF6,keys
Rupture,loc_trait_bespoke_burn_chance_to_explode_enemy_on_activated_kill,E7247A1C,uk_cache
Russian,loc_group_finder_language_russian,187A6C49,uk_cache
Ruthless Backstab,loc_trait_bespoke_rending_on_backstabs,3C7C59E5,keys
Ruthless Efficiency,loc_talent_adamant_wield_speed_aura,E2AC7225,keys
Sacrifice Weapons,loc_mastery_crafting_sacrifice_weapon_title,E06FB9C0,keys
Sainted,loc_item_weapon_rarity_6,D8C894AA,keys
Sainted Gunslinger,loc_talent_zealot_increased_reload_speed_on_melee_kills,C3DD4060,keys
Salvage,loc_expeditions_currency_name_hud,20C6B54C,keys
Sanctuary,loc_talent_psyker_force_field_grants_toughness,E330A9D7,keys
Sapper Shovel,loc_weapon_family_combataxe_p3_m1,57378755,keys
Sapper Shovel,loc_weapon_family_combataxe_p3_m2,38028D86,keys
Sapper Shovel,loc_weapon_family_combataxe_p3_m3,977C80DD,keys
Saves,loc_stat_display_saves,41D651CB,keys
Savvy Operator,loc_achievement_missions_broker_2_objective_1_name,5D87A2C5,uk_cache
Scab,loc_contract_task_enemy_type_renegade,55BFE926,game_source
Scab Bomber,loc_breed_display_name_renegade_grenadier,5749EE30,keys
Scab Bruiser,loc_breed_display_name_renegade_melee,61F0A3A7,keys
Scab Captain,loc_breed_display_name_renegade_captain,E5DA7D45,keys
Scab Flamer,loc_breed_display_name_renegade_flamer,8F51D30E,keys
Scab Gunner,loc_breed_display_name_renegade_gunner,33D4F033,keys
Scab Mauler,loc_breed_display_name_renegade_executor,C0707592,keys
Scab Plasma Gunner,loc_breed_display_name_renegade_plasma_gunner,ADA472B3,keys
Scab Radio Operator,loc_breed_display_name_renegade_radio_operator,01E5809D,keys
Scab Rager,loc_breed_display_name_renegade_berzerker,3282BCD8,keys
Scab Shooter,loc_breed_display_name_renegade_rifleman,BFBD7CAB,keys
Scab Shotgunner,loc_breed_display_name_renegade_shocktrooper,7C8CB90E,keys
Scab Sniper,loc_breed_display_name_renegade_sniper,8C889191,keys
Scab Stalker,loc_breed_display_name_renegade_assault,74A7F417,keys
Scab Trapper,loc_breed_display_name_renegade_netgunner,8B6E9E92,keys
Scab Vanguard,loc_breed_display_name_renegade_vanguard,D973693F,keys
Scavenger,loc_talent_veteran_elite_kills_grant_ammo_coop,B6F9523D,keys
Scourge,loc_talent_zealot_bleed_melee_crit_chance,BC085CDC,keys
Scrier's Gaze,loc_talent_psyker_combat_ability_overcharge_stance,B664D880,keys
Searching for players,loc_group_finder_status_panel_title,393935B6,keys
Second Curio,loc_inventory_title_slot_attachment_2,D011FCD2,keys
Second Wind,loc_talent_zealot_toughness_on_dodge,0B5BA976,keys
Secondary Action,loc_weapon_action_title_secondary,E902B545,keys
Secondary Weapon,loc_inventory_title_slot_secondary,1FC4339D,keys
Sedition,loc_achievement_difficulty_01,AFC3C887,keys
Sedition,loc_mission_board_danger_lowest,88AA2EE2,keys
Seer's Presence,loc_talent_psyker_cooldown_aura_improved,BF9A6EBC,keys
Sefoni,loc_npc_full_name_training_ground_psyker_a,1271878B,keys
Seize Grimoires,loc_objective_side_mission_grimoire_header,B69DE430,keys
Select,loc_select,84216C9C,keys
Selecting this Ability locks all other Abilities.,loc_talent_mechanic_exclusive_ability,F0B6D6C7,keys
Selecting this Aura locks all other Auras.,loc_talent_mechanic_exclusive_aura,348F1D87,keys
Selecting this Blitz locks all other Blitzes.,loc_talent_mechanic_exclusive_tactical,9E554E03,keys
Selecting this Keystone locks all other Keystones.,loc_talent_mechanic_exclusive_keystone,15A5130E,keys
Sergeant Major Morrow,loc_npc_full_name_sergeant_a,486050E5,keys
Serrated Blade,loc_talent_veteran_hits_cause_bleed,370E935F,keys
Serrated Maw,loc_talent_adamant_dog_applies_brittleness,F882D8E5,keys
Shambling Pyres,loc_havoc_common_minion_on_fire_name,3AB11D4F,keys
Shattering Impact,loc_trait_bespoke_armor_rend_on_projectile_hit,36F31112,keys
Shield Plates,loc_talent_adamant_shield_plates,3032BBE2,keys
Shield of Contempt,loc_talent_zealot_3_tier_4_ability_3,3C826469,keys
Shift,loc_keyboard_input_shift,EFF3800D,keys
Shipmistress Brahms,loc_npc_full_name_shipmistress_a,4F5753FC,keys
Shivs,loc_weapon_family_dual_shivs_p1_m1,1A8FFCEE,keys
Shivs,loc_weapon_family_dual_shivs_p1_m2,C5868493,keys
Shock,loc_weapon_keyword_shock_weapon,7989D354,keys
Shock Maul,loc_weapon_family_powermaul_p1_m1,5A4186E0,keys
Shock Maul,loc_weapon_family_powermaul_p1_m2,C2AA84F7,keys
Shock Maul and Suppression Shield,loc_weapon_family_powermaul_shield_p1_m1,C1EE8AA6,keys
Shock Maul and Suppression Shield,loc_weapon_family_powermaul_shield_p1_m2,4F2444E1,keys
Shock Troop Gauntlet,loc_circumstance_waves_of_specials_title,16EB061B,keys
Shock Trooper,loc_talent_veteran_no_ammo_consumption_on_lasweapon_crit,19D88433,keys
Shotgun,loc_weapon_family_shotgun_p5_m1,F6B730B2,keys
Shotgunners,loc_breed_shocktrooper_generic_name,BEDF5AF6,keys
Show,loc_player_stats_element_interaction_show,02977219,uk_cache
Shredder,loc_stats_display_first_saw_damage,D708DF0E,keys
Shredder Autopistol,loc_weapon_family_autopistol_p1_m1,9829B93E,keys
Shredder Frag Grenade,loc_talent_veteran_grenade_apply_bleed,1DECDC88,keys
Shrine of the Omnissiah,loc_crafting_view,6E058287,keys
Shroudfield,loc_ability_zealot_stealth,E94FD822,keys
Signature Weapons,loc_class_selection_specialization_class_defining_weapons_title,5CA1E005,keys
Silo Cluster 18-66/a,loc_mission_name_dm_stockpile,E951B023,keys
Single Tap Tag,loc_setting_com_wheel_single_tap,74D850D3,keys
Sire Darius Melk,loc_npc_full_name_contract_vendor_a,DF277106,keys
Sire Melk's Requisitorium,loc_contract_view_intro_title,0E4B56A6,keys
Sire Melk's Requisitorium,loc_marks_vendor_view_title,68F20CD7,keys
Sister Hestia Prine,loc_npc_full_name_boon_vendor_a,D4032BDE,keys
Skirmisher,loc_talent_veteran_damage_damage_after_sprinting,0C863DA8,keys
Skitarii,loc_dlc_cryptic_name,CCC8A86B,game_source
Skitarius,loc_class_cryptic_name,CE63BED1,keys
Skitarius,loc_class_cryptic_title,DA82C9BC,keys
Skull Weight,loc_interactable_skull_weight,77B7283C,uk_cache
Slam,loc_talent_ogryn_melee_stagger,8C49E966,keys
Sliding increases Sprint Speed by {speed:%s} for {duration:%s}s. Kills restore {stamina:%s} Stamina. {cd:%s}s Cooldown.,loc_talent_adamant_sprinting_sliding_description,1469331E,keys
Slow and Steady,loc_trait_bespoke_toughness_on_hit_based_on_charge_time,5FAFA09D,keys
Smash 'Em!,loc_talent_ogryn_toughness_on_single_heavy,3757286D,keys
Smelter Complex HL-17-36,loc_mission_name_dm_forge,9ED042F5,keys
Smite,loc_ability_psyker_chain_lightning,EB65C907,keys
Smoke Grenade,loc_ability_smoke_grenade,C98E8BAF,keys
Smoke Screen,loc_achievement_veteran_smoke_grenade_engulfed_name,E7E5322D,game_source
Sniper,loc_item_weapon_variant_killshot,253EBCE9,game_source
Sniper Gauntlet (Ventilation Purge),loc_circumstance_ventilation_purge_with_snipers_title,A97F0B5C,keys
Social,loc_social_view_display_name,D1924E87,keys
Soften Them Up,loc_talent_ogryn_targets_recieve_damage_increase_debuff,133DE1C0,keys
Solidity,loc_talent_psyker_increased_vent_speed,CAB0DA20,keys
"Some weapons have a powerful {#color(216,237,190)}Special Attack{#reset()}. Others have a {#color(216,237,190)}Special Ability{#reset()} that changes their next attack.",loc_weapon_special_desc,9C76808B,keys
Souldrinker,loc_talent_psyker_nearby_soulblaze_reduced_damage,FCE15218,keys
Soulguilt Scan,loc_talent_adamant_stacking_weakspot_strength,AD4F22E4,keys
Soulstealer,loc_talent_psyker_toughness_on_warp_kill,F5EAC803,keys
Space,loc_keyboard_input_space,57E6EF50,keys
Spanish,loc_group_finder_language_spanish,2C170C7E,uk_cache
"Spawns a psychic shield in front of you for {duration:%s}s. The shield blocks Enemy Ranged Attacks, while you and Allies can still shoot through.

Base Cooldown: {cooldown:%s}s.",loc_talent_psyker_combat_ability_shield_description,2D4C8BB1,keys
Spearhead Boltgun,loc_weapon_family_bolter_p1_m1,B0A4A4DA,keys
Spearhead Boltgun,loc_weapon_family_bolter_p1_m2,F242B722,keys
Special Action,loc_weapon_action_title_special,C9B65577,keys
Special Attacks gain {stagger:%s} Stagger and ignore Hit Mass Bonus from Armour.,loc_trait_bespoke_pass_trough_armor_on_weapon_special_and_stagger_desc,FECA3F1B,keys
Special Melee Attack,loc_weapon_special_special_attack,E84887C6,keys
Specialists Killed,loc_stat_display_specials_killed,DF0AE4B0,keys
Spending Stamina replenishes {toughness:%s} Toughness over {time:%s}s.,loc_talent_adamant_stamina_regens_toughness_description,557D9510,keys
Spillway,loc_mission_name_spillway,6C09CE95,keys
Spreadshot,loc_weapon_keyword_spread_shot,01C22E5D,keys
Stability,loc_stats_display_stability_stat,CA57B042,keys
Stagger,loc_stagger,06F8E07F,game_source
Stagger Enemies,loc_ability_psyker_objective_3,6A66FD65,game_source
"Staggering Attacks grants you {stack:%s} Stack(s) of Force lasting {stack_duration:%s}s. At {max_stacks:%s} Stacks gain Forceful for {duration:%s}s.

Forceful makes you Stun Immune, grants {power_level:%s} Strength and {tdr:%s} Toughness Damage Reduction.",loc_talent_adamant_forceful_desc,15F5E364,keys
Staggering an Enemy makes them deal {damage:%s} Damage. Lasts {duration:%s}s.,loc_talent_adamant_staggered_enemies_deal_less_damage_desc,CD6418D9,keys
Staggering an Enemy replenishes {cooldown_reduction:%s} Cooldown of your {talent_name:%s}.,loc_talent_ogryn_taunt_stagger_cd_description,7BD31D11,keys
"Staggering an enemy grants {normal_stacks:%s} stack(s) of {damage_taken_multiplier:%s} Damage Resistance, on the next hit taken. Stacking {max_stacks:%s} times. Staggering Non-Human Sized Enemies grants {ogryn_stacks:%s} stack(s).",loc_talent_adamant_staggers_reduce_damage_taken_desc,467F8F37,keys
Stalwart,loc_talent_zealot_fanatic_rage_toughness,B8850D7C,keys
Stamina,loc_hud_display_name_stamina,B973C76E,keys
Stamina,loc_stats_display_stamina_title,F9E556F2,keys
Stamina Boost,loc_talent_stamina_low,090EA563,keys
Stamina Regeneration Boost,loc_talent_stamina_regen_delay,693EA8F1,keys
Stances,loc_inventory_title_slot_animation_end_of_round,30AC192C,keys
"Standing still or walking while crouched grants you Focus (Stacks {max_stacks:%s} times). Sprinting, sliding and walking removes stacks.

Ranged Weakspot hits lets you move without losing stacks for {grace_time_hit:%s}s. Ranged Weakspot kills also grant a stack of Focus, and let you move without losing stacks for {grace_time:%s}s.

Each stack of Focus grants {power:%s} Ranged Finesse Power, and {reload_speed:%s} Reload Speed.",loc_talent_veteran_snipers_focus_description,D43E2EC2,keys
Stay Close!,loc_talent_ogryn_toughness_regen_aura,E1D180E7,keys
Steady Grip,loc_talent_ogryn_toughness_regen_while_bracing,E009E53E,keys
Stealth Duration is increased to {duration_2:%s}s.,loc_talent_zealot_increased_stealth_duration_description,98E2B480,keys
Stimm Component,loc_stimm_lab_recipe,6B378D8E,game_source
Stimm Lab,loc_broker_stimm_builder_view_display_name,0C5A5CCD,keys
Stimm Supply,loc_talent_broker_ability_stimm_field,56107528,keys
Stolen Rations,loc_circumstance_stolen_rations_core_default_title,D5BFDA08,keys
Stolen Rations (Angry Ogryns),loc_circumstance_stolen_rations_recover_default_title,CD7CC04E,keys
"Stolen Rations (Hi-Intensity Shock Troop Gauntlet, Starvation Riots)",loc_circumstance_stolen_rations_destroy_waves_of_specials_title,47D969C5,keys
"Stolen Rations (Hi-Intensity Shock Troops Gauntlet, Angry Ogryns)",loc_circumstance_stolen_rations_recover_waves_of_specials_title,E497E9F1,keys
"Stolen Rations (Hi-Intensity, Angry Ogryns)",loc_circumstance_stolen_rations_recover_increased_resistance_title,29E46DE4,keys
"Stolen Rations (Hi-Intensity, Starvation Riots)",loc_circumstance_stolen_rations_destroy_increased_resistance_title,EBC15919,keys
"Stolen Rations (Hunting Grounds, Angry Ogryns)",loc_circumstance_stolen_rations_recover_hunting_grounds_title,E570C78E,keys
"Stolen Rations (Hunting Grounds, Starvation Riots)",loc_circumstance_stolen_rations_destroy_hunting_grounds_title,3BAD781F,keys
Stolen Rations (Starvation Riots),loc_circumstance_stolen_rations_destroy_default_title,EAD42241,keys
Stomping Boots,loc_talent_ogryn_toughness_on_bull_rush,97FF0C1F,keys
Stopping Power,loc_stats_display_power_stat,15A800A7,keys
Street Smarts,loc_talent_adamant_dodge_improvement,EA92CDDA,keys
Strength of the Weapon's Damage over Time (DoT) effects.,loc_stats_display_burn_stat_desc,79903BFE,keys
Strike,loc_mission_type_05_name,D6A26700,keys
Strike Down,loc_talent_adamant_melee_attacks_on_staggered_rend,F2249181,keys
Strike Team,loc_main_menu_warband_count,ACC0F346,keys
Strike Team,loc_social_menu_roster_view_display_name,827C8E9B,keys
Strikedown,loc_weapon_keyword_smiter,F9564EDB,keys
Strongest!,loc_talent_ogryn_carapace_armor_add_stack_on_push,28CDA661,keys
Stun Grenade,loc_ability_shock_grenade,9BFD0B69,keys
Subductor Shotpistol and Riot Shield,loc_weapon_family_shotpistol_shield_p1_m1,C578536D,keys
Sunder,loc_trait_bespoke_infinite_armor_cleave_on_activated_attacks,C2BA97F2,keys
Supercharge,loc_trait_bespoke_armor_rend_on_activated_attacks,EDE57171,keys
Superiority Complex,loc_talent_veteran_increase_damage_vs_elites,2B206EFD,keys
Suppress Enemies,loc_suppression_objective_1,B3137F66,game_source
Suppression,loc_weapon_stats_display_suppression,6CB84702,game_source
Suppression Force,loc_talent_adamant_staggered_enemies_deal_less_damage,55F60CA1,keys
Suppression Protocols,loc_talent_adamant_hitting_multiple_gives_tdr,9F1031C7,keys
Surety of Arms,loc_talent_psyker_reload_speed_warp,D9A5F4A2,keys
Surprise Attack,loc_talent_veteran_damage_bonus_leaving_invisibility,3080E8A6,keys
Survivalist,loc_talent_veteran_elite_kills_grant_ammo_coop_improved,828D045A,keys
Sustained Assault,loc_talent_zealot_increased_damage_stacks_on_hit,CE6FA468,keys
"Swaps to and reloads your Ranged Weapon, entering {talent_name:%s} for {duration:%s}s. For the duration, you count as Dodging against Ranged Attacks, Sprinting costs no Stamina, and you gain {sprint_movement_speed:%s} Sprint Speed.

While the ability is active, reloading your weapon does not reduce your Ammo Reserve.

Base Cooldown: {cooldown:%s}s.",loc_talent_broker_ability_focus_desc,A131B118,keys
"Swaps to and reloads your Ranged Weapon. You have {ranged_attack_speed:%s} Rate of Fire and {reload_speed:%s} Reload Speed for the next {duration:%s}s.

Base Cooldown: {cooldown:%s}s",loc_talent_ogryn_combat_ability_special_ammo_desc,DC20B1AD,keys
Swift Certainty,loc_talent_zealot_improved_sprint,8CBAB771,keys
Swift Exorcism,loc_talent_zealot_2_base_4,BAE285CB,keys
Swiftstrike,loc_weapon_keyword_very_fast_attack,317A4121,keys
Syphon,loc_trait_bespoke_regain_toughness_on_multiple_hits_by_weapon_special,BCF9C4BE,keys
Tab,loc_keyboard_input_tab,E4965504,keys
Tactical Awareness,loc_talent_veteran_elite_kills_reduce_cooldown,3A17B4F8,keys
Tactical Axe,loc_weapon_family_combataxe_p2_m1,D178258E,keys
Tactical Axe,loc_weapon_family_combataxe_p2_m2,45992777,keys
Tactical Axe,loc_weapon_family_combataxe_p2_m3,749134EC,keys
Tactical Reload,loc_talent_ranger_reload_speed_empty_mag,2BE2BACA,keys
Tainted Airwaves,loc_circumstance_communication_hack_01_title,5EF02CA8,keys
Tainted Airwaves plus Hi-Intensity Hunting Grounds,loc_circumstance_communication_hack_02_title,8D8DC76F,keys
Tainted Airwaves plus Hi-Intensity Shock Troop Gauntlet,loc_circumstance_communication_hack_07_title,4EEA3B49,keys
Tainted Communications Device,loc_pickup_side_mission_communications_hack_device,85038EEC,game_source
Tainted Sacrament,loc_circumstance_skulls_guns_default_title,7219BE6E,keys
Tainted Sacrament (Hunting Grounds),loc_circumstance_skulls_guns_hunting_grounds_title,9766C4A9,keys
Tainted Sacrament (Power Supply Interruption),loc_circumstance_skulls_guns_darkness_title,9771E851,keys
Tainted Sacrament (Pox Gas),loc_circumstance_skulls_guns_gas_title,C47D64AE,keys
Tainted Sacrament (Shock Troop Gauntlet),loc_circumstance_skulls_guns_waves_of_specials_title,AE65A33E,keys
Tainted Sacrament (Ventilation Purge),loc_circumstance_skulls_guns_ventilation_title,39F8B578,keys
Tainted Skull,loc_tainted_skull_pickup,000F307B,game_source
Talents,loc_talent_view_display_name,F93E51EC,keys
Talents,loc_talents_view_display_name,C652E220,keys
Tancred Bastion,loc_character_commendations_07_name,C9F8C096,game_source
Target Down!,loc_talent_veteran_improved_tag_dead_bonus,76B4CA1D,keys
Target Neutralised,loc_talent_adamant_elite_special_kills_replenish_toughness,E8D1B55A,keys
Target Priority,loc_talent_adamant_increased_damage_to_high_health,C8D87CAA,keys
Target Selection,loc_talent_adamant_pinning_dog_elite_damage,2A3CBA7C,keys
"Target receives up to {stacks:%s} Stacks of {rending:%s} Brittleness, scaling with charge time of Secondary Attack. Debuff lasts for {time:%s} seconds and can have a maximum of {max_stacks:%s} stacks.",loc_trait_bespoke_rend_armor_on_aoe_charge_desc,DCCA8F09,keys
Target receives {stacks:%s} Stacks of {rending:%s} Brittleness on direct projectile hit. Debuff lasts for {time:%s} seconds and can have a maximum of {max_stacks:%s} stacks.,loc_trait_bespoke_armor_rend_on_projectile_hit_desc,42048F77,keys
Target the Weak,loc_talent_adamant_staggered_enemies_take_more_damage,E1845001,keys
Targeted Brutality,loc_talent_adamant_charge_cooldown_name,0C2DD4DB,keys
Targeted Toxin,loc_talent_broker_passive_reduced_damage_by_toxined,78D6F9F3,game_source
Targets Acquired,loc_talent_adamant_forceful_ranged,C6A4C517,keys
"Taunt Enemies within {radius:%s}m, making them attack only you for {duration:%s}s.

Base Cooldown: {cooldown:%s}s",loc_ability_ogryn_taunt_shout_desc,F27AC5DB,keys
Telekine Dome,loc_talent_psyker_force_field_dome,8DD9E6D1,keys
Telekine Shield,loc_talent_psyker_combat_ability_shield,3A349F50,keys
Tenderiser,loc_trait_bespoke_increased_power_on_weapon_special_follow_up_hits,B746CC13,keys
Tentacled Poxwalker,loc_breed_display_name_chaos_mutated_poxwalker,F70AC481,keys
Terminal Decree,loc_talent_adamant_bullet_rain_toughness,6B0EB0F7,keys
Terminus Warrant,loc_talent_adamant_bullet_rain,0A84B343,keys
Terror in the Dark,loc_circumstance_darkness_twins_solo_title,E8FB20C4,keys
The Best Defence,loc_talent_ogryn_toughness_on_multiple,877BAA01,keys
The Bigger they Are ...,loc_talent_ranger_volley_fire_big_game_hunter,10C563CD,keys
The Blight Spreads,loc_havoc_enemies_corrupted_name,F9D86580,keys
The Carnival,loc_zone_name_carnival_short,3D37812E,keys
The Commodore's Vestures,loc_store_view_display_name,FA52F78B,keys
The Dam,loc_cartel_outpost_transition_short,224E6AF5,keys
The Depths,loc_zone_name_depths_short,E9030EFC,keys
The Drain,loc_nurgle_infested_sewers_short,E1357FF3,keys
The Emperor's Bullet,loc_talent_zealot_improved_melee_after_no_ammo,A4750ADF,keys
The Emperor's Fading light (I),loc_havoc_increased_difficulty_name,9B1EE585,keys
The Emperor's Fading light (II),loc_havoc_highest_difficulty_name,8478BC56,keys
The Emperor's Fist,loc_talent_adamant_first_melee_hit_increased_damage,4DD881A9,keys
The Emperor's Will,loc_talent_zealot_2_base_3,B68EEC69,keys
The Encroaching Garden,loc_havoc_encroaching_garden_name,4C3E975B,keys
The Final Toll,loc_havoc_mutator_enraged_name,BBB89101,keys
The Guard Prevails,loc_circumstance_story_nomansland_02_title,52130268,keys
The Hourglass,loc_zone_name_hourglass_short,A478AD5D,keys
The Master's Retribution,loc_talent_zealot_3_tier_3_ability_1,8FB484CA,keys
The Meat Grinder,loc_training_grounds_view_shooting_range_text,A984BE85,keys
The Mourningstar,loc_hud_presence_hub,86F8A7A4,keys
The Orthus Offensive,loc_mission_name_km_enforcer_twins,DF8B9524,keys
The Pipes,loc_cartel_sewers_short,00317DC0,keys
The Psyker's Lair,loc_lair_short,5DF87E30,keys
The Psykhanium,loc_hud_presence_training_grounds,873AE04F,keys
The Psykhanium,loc_training_grounds_view_display_name,0EDD1295,keys
The Quickening,loc_talent_psyker_aura_reduced_ability_cooldown,B6A94636,keys
The Range and Size of the Flame. Affects how many enemies are Hit and Suppressed.,loc_stats_display_flame_size_stat_desc,7B4A0298,keys
The Road to No Man's Land,loc_nomansland_display_name,58C88D83,keys
The Sopp,loc_dam_transition_short,136CAC7E,keys
The Tancred Bastion,loc_mission_name_prologue,72809F9F,keys
The Theatre of Castigation,loc_horde_island_rooftops_name,1908265E,keys
The Theatre of Humility,loc_horde_island_void_name,343AC889,keys
The Theatre of Rectitude,loc_horde_island_machine_name,858DC7FA,keys
The Torrent,loc_zone_name_watertown_short,B44BCB6D,keys
The Voice of Terra,loc_talent_zealot_toughness_on_ranged_kill,4BC5E375,keys
The Void,loc_zone_name_void_short,1E659A32,keys
The distance of {charge_ability_name:%s} is increased to {distance:%s}m.,loc_talent_adamant_charge_longer_distance_desc,3945C4AC,keys
The first {ammo:%s} Ammo after a Reload has {crit_chance:%s} Ranged Critical Hit Chance.,loc_talent_veteran_bonus_crit_chance_on_ammo_desc,E58119BD,keys
"The higher the Cleave, the more enemies Hit in one swing and the larger the damage delivered to additional Enemies Hit beyond the main target.",loc_stats_display_cleave_damage_and_targets_stat_desc,675C6E60,keys
"The higher the Cleave, the more enemies Hit in one swing.",loc_stats_display_cleave_targets_stat_desc,963B2C9D,keys
"The higher the Heat Management value, the less Heat is generated while the weapon is empowered by its Special activation. ",loc_stats_display_heat_management_powersword_2h_desc,64E4ED91,keys
The shot that triggers Lucky Bullet is a guaranteed Critical (if it Hits).,loc_talent_ogryn_critical_leadbelcher_desc,C346583C,keys
"The time between affected Enemies' Melee Attacks, is increased by {attack_speed_reduction:%s}, and their Melee Attacks deal {damage_reduction:%s} less Damage.",loc_talent_adamant_drone_debuff_talent_desc,B1B69549,keys
Theatre of Castigation,loc_location_horde_island_rooftops_full,15995EF9,uk_cache
Theatre of Humility,loc_location_horde_island_void_full,5C64CEBD,uk_cache
Thermal Resistance,loc_stats_display_heat_management,0E36A79E,keys
Thick Skin,loc_talent_ogryn_2_base_3,277672AA,keys
Third Curio,loc_inventory_title_slot_attachment_3,8C05223B,keys
This Talent will lock some other Talents.,loc_talent_mechanic_mutually_exclusive,5554DEB2,keys
Threat,loc_setting_com_wheel_tap_threat,0555C610,game_source
Throneside,loc_zone_name_throneside_short,1F426773,keys
Throw a Stun Grenade that electrocutes and stuns all enemies within its blast radius.,loc_ability_shock_grenade_description,1E60594F,keys
Throw a box of grenades with great strength and enthusiasm for high Damage against a Single Enemy.,loc_ability_ogryn_grenade_box_description,77E8D4ED,keys
"Throw a box of grenades with great strength and enthusiasm to deal high Damage to a Single Enemy.

Hitting an Enemy causes the box to break open, releasing {num_grenades:%s} grenades around the target.

This is an augmented version of {talent_name%s}.",loc_talent_bonebreaker_grenade_super_armor_explosion_desc,A06FE566,keys
"Throw a consecrated knife to deal high Damage to a Single Enemy. Very effective against most Enemies; less effective versus Carapace Armour.

- Quick Throw
- Killing Elite & Special Enemies in Melee replenishes 1 knife
- Ammo boxes replenish knives",loc_ability_zealot_throwing_knifes_desc,5C177EE2,keys
"Throw a frag grenade that explodes after a short delay. Applies {stacks:%s} Stacks of Bleed to all Enemies Hit, causing Damage over time.

This is an augmented version of {talent_name:%s}.",loc_talent_veteran_grenade_apply_bleed_desc,3AEA2F09,keys
Throw a grenade that creates a lingering smoke cloud for {duration:%s}s. The cloud blocks line of sight for most enemies and reduces the sight range of enemies inside it.,loc_ability_smoke_grenade_description,F80C5F1D,keys
"Throw a grenade that deals devastating Damage. Sticks to Flak Armoured, Carapace Armoured & Unyielding Enemies.",loc_talent_ability_krak_grenade_desc,C7AEAD0A,keys
"Throw a grenade that leaves a layer of flaming liquid, Burning and Staggering enemies, and barring their path. Most effective against Unarmoured Enemies.",loc_talent_ability_fire_grenade_desc,5B720FA5,keys
"Throw a {talent_name:%s} that activates as it lands.

For {duration:%s}s it will Electrocute all enemies within {range:%s}m.",loc_talent_ability_shock_mine_description,D710719F,keys
Throw an Arbites Grenade that explodes after a short delay. {charges:%s} Max Grenades.,loc_talent_ability_adamant_grenade_description,9CFB3A86,keys
"Throw an Arbites Grenade that explodes after a short delay. {charges:%s} Max Grenades.

This is an augmented version of {talent_name:%s}.",loc_talent_ability_adamant_grenade_improved_description,6A2EA9DB,keys
"Throw an Ogryn-sized (the only proper kind!) frag grenade with a {radius:%s}m blast radius, dealing increased Damage at the centre.",loc_ability_ogryn_grenade_demolition_desc,F2263148,keys
"Throw swift, homing projectiles formed of psychic energy. Less effective versus Carapace Armoured Enemies.",loc_ability_psyker_blitz_throwing_knives_description,72FC17B1,keys
"Thrown grenade containing a {toxin:%s}. The canister breaks open and the contents spill out across an area when it explodes.

{max_charges:%s} Max Grenades.",loc_talent_broker_blitz_tox_grenade_desc,22BB2D66,keys
"Thrown grenade containing {toxin:%s}. The canister breaks open when it explodes, spilling its contents out across an area for {duration:%s}s.

Enemies standing in the toxic matter receive up to {max_stacks:%s} stacks of {toxin:%s} over time and explode upon death.

{max_charges:%s} Max Grenades.",loc_talent_broker_blitz_tox_grenade_desc_02,CBE2DC42,keys
Thugshot,loc_weapon_family_ogryn_thumper_p1_m3,391E80FA,keys
Thunder Hammer,loc_weapon_family_thunderhammer_2h_p1_m1,E6918022,keys
Thunder Hammer,loc_weapon_family_thunderhammer_2h_p1_m2,0C91039C,keys
Thy Wrath be Swift,loc_talent_zealot_movement_speed_on_damaged,2B1F657C,keys
Time In Coherency,loc_stat_display_time_in_coherency,51F3EDEB,keys
To the Bitter End,loc_talent_zealot_3_tier_3_ability_3,64F5F85B,keys
Too Stubborn to Die,loc_talent_ogryn_toughness_gain_increase_on_low_health,70213004,keys
Torrent,loc_weapon_keyword_spray_n_pray,2300FF0F,keys
Toss a big rock or hunk of junk at a Single Enemy. Reduced effectiveness against Carapace Armoured Enemies and Unyielding Enemies. You pick up a new rock every {recharge:%s}s and can hold up to {max_charges:%s} rocks at a time.,loc_ability_ogryn_friend_rock_desc,45CF696A,keys
Toughest!,loc_talent_ogryn_carapace_armor_more_toughness,70367A4E,keys
Toughness Boost,loc_talent_toughness_boost_low,02BC760E,keys
Toughness Boost,loc_talent_toughness_boost_medium,65A72C01,keys
Toughness Damage Reduction,loc_talent_toughness_damage_reduction_low,C2C7E71E,keys
Toughness Damage Reduction,loc_talent_toughness_damage_reduction_medium,4CF5DEFC,keys
Towering Presence,loc_talent_ogryn_bigger_coherency_radius,4835808D,keys
Trample,loc_talent_ogryn_ability_charge_trample,B44215A6,keys
Tranquility Through Slaughter,loc_talent_psyker_ranged_crits_vent,2D850F49,keys
Transcendent,loc_item_weapon_rarity_5,CCC32B01,keys
Trench Fighter Drill,loc_talent_veteran_attack_speed,4A711AE2,keys
Triggering Fury Replenishes {toughness:%s} Toughness.,loc_talent_zealot_fanatic_rage_toughness_desc,A15CF152,keys
"Triggers Scrier's Gaze. When entering Scrier's Gaze you gain {base_damage:%s} Damage and {crit_chance:%s} Critical Chance. For every second in Scrier's Gaze you gain {damage_per_stack:%s} Damage up to a maximum of {max_damage}. This effect lingers for {duration:%s}s after leaving Scrier's Gaze.

While in Scrier's Gaze you build up Peril. Build up is temporarily slowed down by enemy Kills. At {max_peril:%s} Peril, Scrier's Gaze ends.

Base Cooldown: {cooldown:%s}s",loc_talent_psyker_combat_ability_overcharge_stance_description,EEF62C85,keys
Trooper 1st Class,loc_havoc_militarium_rank_08,60C13A73,keys
Trooper 2nd Class,loc_havoc_militarium_rank_07,7525B7A1,keys
True Aim,loc_talent_psyker_weakspot_grants_crit,702479A6,keys
True Grit,loc_talent_adamant_limit_dmg_taken_from_hits,3261784D,keys
Tunnel Vision,loc_talent_veteran_snipers_focus_toughness_bonus,DEE16486,keys
Twin-Linked Heavy Stubber,loc_weapon_family_ogryn_heavystubber_p1_m1,32DF9BD5,keys
Twin-Linked Heavy Stubber,loc_weapon_family_ogryn_heavystubber_p1_m2,C8E51F86,keys
Twin-Linked Heavy Stubber,loc_weapon_family_ogryn_heavystubber_p1_m3,1FA40A44,keys
Twinned Blast,loc_talent_veteran_extra_grenade_throw_chance,3164D093,keys
Unarmoured,loc_weapon_stats_display_unarmored,124FC504,keys
Undying Faith,loc_talent_zealot_3_tier_1_ability_2,87F526E5,keys
Unique Weapons,loc_class_selection_specialization_class_unique_weapons_title,C8F13C3F,keys
United by Hate,loc_talent_zealot_3_tier_2_ability_3,2DE05C70,keys
Unknown Defensive Curio,loc_contracts_view_general_goods_random_gadget_defensive,37E799DB,keys
Unknown Melee Weapon,loc_contracts_view_general_goods_random_melee_weapon,50CFB540,keys
Unknown Ranged Weapon,loc_contracts_view_general_goods_random_ranged_weapon,0817F233,keys
"Unleash a torrent of Bio-Lightning - a fast, channelled attack that Locks to and Stuns an Enemy while dealing Damage. This spreads to nearby Enemies. Charge to increase Spread rate and Damage.",loc_ability_psyker_chain_lightning_description,837F8E7F,keys
Unleashed Brutality,loc_talent_adamant_cyber_mastiff_elites,C511D9B9,keys
"Unleashes a wave of warp energy that Staggers Enemies in front of you. Quells {warpcharge_vent:%s} Peril.

Base Cooldown: {cooldown:%s}s

This is an augmented version of {talent_name:%s}.",loc_talent_psyker_shout_vent_warp_charge_description,7D4501BE,keys
Unlucky for Some,loc_talent_psyker_restore_toughness_to_allies_when_ally_down,A8D072EE,keys
Unremitting,loc_talent_zealot_reduced_sprint_cost,AE5EEA94,keys
Unselect,loc_unselect,8FCFE853,keys
Unstoppable,loc_talent_ogryn_heavy_hitter_max_stacks_improves_toughness,D47D21BF,keys
Unstoppable,loc_weapon_keyword_heavy_charge,0F3CC1EF,keys
Unstoppable Momentum,loc_talent_ogryn_ranged_kill_grant_movement_speed,683F61EC,keys
Until Death,loc_talent_zealot_2_base_2,1062BAA2,keys
Until Death,loc_talent_zealot_resist_death,72493F76,keys
Unyielding,loc_glossary_armour_type_resistant,7EB3DFD3,keys
Up Arrow,loc_keyboard_input_arrow_up,8DC6B66A,keys
Up Close,loc_talent_adamant_close_kills_restore_toughness,A1741AC3,keys
"Up to {damage:%s} Base Ranged Damage, reduced the further you are from the target.",loc_talent_zealot_ranged_damage_increased_to_close_desc,7504148A,keys
"Up to {damage:%s} Damage on Force Staff Special Attacks, based on current Peril. Force-Staffs Quell up to {venting:%s} Peril on successful Special Attacks.",loc_talent_psyker_force_staff_melee_attack_bonus_desc,E3F21F63,keys
"Up to {damage:%s} Damage on Hit (Staggered Enemy), scaling with Stagger.",loc_trait_bespoke_stagger_count_bonus_damage_desc,1AC5C173,keys
Up to {damage:%s} Strength scaling with Heat Level.,loc_trait_bespoke_power_bonus_scaled_on_heat_desc,88798C11,keys
"Up to {max_cleave:%s} Cleave, based on Peril.",loc_talent_psyker_cleave_from_peril_desc,5DE5FC01,keys
"Up to {power_level:%s} Strength, as Stamina depletes.",loc_trait_bespoke_power_bonus_scaled_on_stamina_desc,DED4B2A1,keys
"Up to {power_level:%s} Strength, scaling with remaining Ammunition. Stacks {stacks:%s} times. ",loc_trait_bespoke_power_scales_with_clip_percentage_desc,760901C5,keys
Up to {toughness:%s} Toughness Damage Reduction the more Allies in Coherency.,loc_talent_veteran_toughness_damage_reduction_per_ally_description,BCB7160F,keys
Upper Body,loc_inventory_title_slot_gear_upperbody,C1A952E6,keys
Uprising,loc_achievement_difficulty_02,5BC51629,keys
Uprising,loc_mission_board_danger_low,E7B425A7,keys
"Use of this weapon generates Heat. The higher the Thermal Resistance value, the less Heat is generated with each attack.",loc_stats_display_heat_management_desc,8D2F854A,keys
"Use of this weapon increases a Psyker's Peril. The higher the Warp Resistance, the less Peril is generated with each attack.",loc_stats_display_warp_resist_stat_desc,A2F4A9E4,keys
"Use the {stimm_lab:%s} to brew your {broker_stimm:%s}, a personal Stimm to use in the field.",loc_talent_broker_stimm_desc,042BA657,keys
"Using a Stimm grants you a stack of {dependency:%s} for {duration:%s}s.

For each stack, gain {cooldown_reduction:%s} Ability Cooldown Reduction.

Up to {max_stacks:%s} Max Stacks. Stacks decay one at a time.",loc_talent_broker_keystone_chemical_dependency_desc,E80EDF15,keys
Using your Blitz while {talent_name:%s} is active replenishes {toughness:%s} Toughness to you and Allies in Coherency.,loc_talent_psyker_empowered_chain_lightnings_replenish_toughness_to_allies_description,0F6EF5AF,keys
Using your Combat Ability makes your {talent_name:%s} charge {smite_attack_speed:%s} faster and generate {warp_charge_cost:%s} less Peril for {duration:%s}s.,loc_talent_psyker_ability_increase_brain_burst_speed_desc,EE94FFDD,keys
Using your Combat Ability while {talent_name:%s} is active refreshes the duration of {talent_name:%s}.,loc_talent_adamant_forceful_refresh_on_ability_desc,816B978E,keys
Valuable Distraction,loc_talent_ogryn_taunt_damage_taken_increase,F8D4D8B8,keys
Vanguard,loc_item_weapon_variant_linesman,2558266E,game_source
Vantage Point,loc_achievement_missions_veteran_2_objective_1_name,CED6BF4E,uk_cache
Vent Heat,loc_weapon_special_weapon_vent,7B327795,game_source
Ventilation Purge,loc_circumstance_ventilation_purge_title,E1849DF0,keys
Venting Shriek,loc_talent_psyker_shout_vent_warp_charge,90F1BCF1,keys
Versatile,loc_weapon_keyword_versatile,7B4C10FB,keys
Veteran,loc_class_veteran_name,FB5FD582,keys
Veteran,loc_class_veteran_title,AD92E9B5,keys
Veteran: Sharpshooter,loc_class_veteran-sharpshooter_title,32773559,keys
Vicious Offering,loc_talent_zealot_toughness_on_heavy_kills,4033BA2A,keys
View Contracts,loc_contract_view_option_contracts,60392CB4,keys
View Wargear,loc_alias_view_hotkey_inventory,9417FE1E,keys
View full build,loc_alias_talent_builder_view_hotkey_summary,8064CE98,keys
View your completed Penances.,loc_achievements_view_display_name_description,886B5144,keys
Vigil Station Oblivium,loc_mission_name_hm_cartel,79D0E935,keys
Vigilant Autogun,loc_weapon_family_autogun_p3_m1,C5F5F722,keys
Vigilant Autogun,loc_weapon_family_autogun_p3_m2,C6AB86F3,keys
Vigilant Autogun,loc_weapon_family_autogun_p3_m3,7CB8FCBE,keys
Virulent Strain,loc_talent_broker_passive_toxin_infected_enemies_take_increased_damage,C1ABBD9D,game_source
Viscosity,loc_stimm_lab_viscosity,05A8D9AD,keys
Voice of Command,loc_talent_veteran_combat_ability_stagger_nearby_enemies,36C11826,keys
Voidblast Force Staff,loc_weapon_family_forcestaff_p1_m1,EFBD923B,keys
Voidstrike Force Staff,loc_weapon_family_forcestaff_p4_m1,118DC70C,keys
Volley Adept,loc_talent_veteran_reload_speed_on_elite_kill,A07849B9,keys
Volley Fire,loc_talent_veteran_2_combat_ability,2B30F2CA,keys
Voltaic,loc_achievement_horde_win_electric_archetype_name,0D98E631,uk_cache
Voltaic Mandibles Augment,loc_talent_adamant_dog_attacks_electrocute,CB0985B3,keys
Voltaic Shock Mine,loc_talent_ability_shock_mine,DB593AF0,keys
Volume,loc_stimm_lab_volume,0938B400,game_source
Vulture's Mark,loc_talent_broker_keystone_vultures_mark_on_kill,A46E752F,keys
Waiting for Fatshark Friend Code...,loc_social_menu_find_player_wait_for_input,7FC046C2,keys
Walk It Off,loc_talent_adamant_stamina_regens_toughness,69689F35,keys
Warning!,loc_interaction_start_event_text,63C2488C,keys
Warp Battery,loc_talent_psyker_increased_souls,A643D61C,keys
Warp Expenditure,loc_talent_psyker_warp_charge_generation_generates_toughness,42B1F6C1,keys
Warp Nexus,loc_trait_bespoke_increased_crit_chance_scaled_on_peril,847EAA2C,keys
Warp Resistance,loc_stats_display_warp_resist_stat,CBB229A9,keys
Warp Rider,loc_talent_psyker_damage_based_on_warp_charge,02E8B371,keys
Warp Rupture,loc_talent_psyker_shout_damage_per_warp_charge,DC5E455F,keys
Warp Siphon,loc_talent_psyker_souls,7F1F1D93,keys
Warp Speed,loc_ability_psyker_overcharge_movement_speed,EDE1E14C,keys
Warp Splitting,loc_talent_psyker_cleave_from_peril,EF20ACCE,keys
Warp Unbound,loc_talent_psyker_overcharge_infinite_casting,E3743A11,keys
Warren 6-19,loc_mission_name_cm_raid,84189FDD,keys
Weak Spot Hits,loc_stat_display_headshots,D795FCDB,keys
Weakspot,loc_weapon_details_weakspot,3A8527D3,game_source
"Weakspot Kills count as {second:%s}s spent in {talent_name:%s}. 

For each second spent in {talent_name:%s}, you now also gain {finesse_damage_per_stack:%s} Finesse Damage ({max_finesse_damage%s} max) which lingers for {duration:%s}s after leaving {talent_name:%s}.",loc_ability_psyker_overcharge_weakspot_description,492219AB,keys
Weakspot Kills grant {stacks:%s} additional Stacks of {talent_name:%s}.,loc_talent_psyker_mark_weakspot_stacks_description,40C93869,keys
Weapon Special,loc_weapon_special,10C7EFDA,keys
Weapon's Ammo capacity.,loc_stats_display_ammo_stat_desc,F7594BB5,keys
Weapon's effectiveness against Armoured enemies.,loc_stats_display_ap_stat_desc,3F6638FA,keys
Weapons Specialist,loc_talent_veteran_weapon_switch,D7BF1156,keys
Weight of the Lex,loc_talent_adamant_heavy_attacks_increase_damage,B17CD91C,keys
What's New,loc_news_view_title,9BA12E2E,keys
"When an Ally in Coherency gets Knocked Down, Replenish {toughness:%s} Toughness to all other Allies in Coherency.",loc_talent_psyker_restore_toughness_to_allies_when_ally_down_description,D7C15020,keys
"When an Ammo pickup is collected by you or allies in Coherency, you each replenish Ammo equal to {ammo:%s} of that pickup.",loc_talent_broker_aura_gunslinger_desc,3DF231FE,keys
"When an Enemy dies while affected by your Soulblaze, nearby Enemies each gain up to {stacks:%s} Stacks of Soulblaze. They cannot gain more stacks than the dying Enemy had.",loc_talent_psyker_warpfire_spread_desc,7F4F685E,keys
"When taking Melee Damage, knock all nearby Enemies around you backwards and gain {movement_speed:%s} Movement Speed for {duration:%s}s. Can only trigger once every {cooldown:%s}s.",loc_talent_broker_passive_knockback_on_taking_melee_damage_desc_02,F7BE7408,keys
"When you kill an Enemy with a Ranged Attack, Allies within {radius:%s} metres of the target Replenish {toughness:%s} Toughness & receive {base_damage:%s} to all Base Damage  for {duration:%s}s.",loc_talent_veteran_replenish_toughness_and_boost_allies_desc,A72A212C,keys
"When your Block is broken, gain {toughness_damage_reduction%s} Toughness Damage Reduction for {toughness_duration%s}s. When Toughness is broken, gain {block_cost_multiplier%s} reduced Block Cost for {stamina_duration%s}s.",loc_talent_veteran_block_break_gives_tdr_description,D493A3F0,keys
"When {punk_rage%s} is activated, unleash a powerful Shout that staggers Enemies and increases the time between their attacks by {attack_speed_reduction:%s} for {duration:%s}s.

When {punk_rage:%s} runs out, shout again.",loc_talent_broker_ability_punk_rage_sub_3_desc_02,AA1FA2DE,keys
"When {talent_name:%s} ends, you regain Health based on the Damage you dealt during {talent_name:%s}. Melee Damage dealt heals for {melee_multiplier:%s} times that amount.",loc_talent_zealot_heal_during_resist_death_desc,18B017B8,keys
"When {talent_name:%s} reaches zero stacks, you push back Enemies and Replenish {toughness_replenish:%s} Toughness.

This effect can occur once every {cooldown:%s}s.",loc_talent_ogryn_carapace_armor_trigger_on_zero_stacks_desc,4B96D07F,keys
"Whenever you or an ally in Coherency kill an Enemy, you have a {soul_chance:%s} chance to gain a Warp Charge.",loc_talent_psyker_souls_on_kill_coop_desc,03D352E7,keys
"While active, Melee Kills grant {cooldown:%s} Ability Cooldown Regeneration for {duration:%s}s.",loc_talent_buff_cooldown_on_melee_kills,9C1A429B,keys
"While active, Ranged Kills grant {cooldown:%s} Ability Cooldown Regeneration for {duration:%s}s.",loc_talent_buff_cooldown_on_ranged_kills,676AA37D,keys
"While below critical Peril, Blocking an attack causes you to gain Peril instead of losing Stamina.

Gained Peril is {warp_charge_block_cost:%s} of the blocked attacks stamina cost.",loc_talent_psyker_block_costs_warp_charge_desc,136EE48B,keys
While {talent_name:%s} is active you have {melee_attack_speed:%s} Melee Attack Speed and {cleave:%s} Cleave.,loc_talent_adamant_forceful_melee_desc,EB760C33,keys
While {talent_name:%s} is active you have {ranged_attack_speed:%s} Fire Rate and {reload_speed:%s} Reload Speed.,loc_talent_adamant_forceful_ranged_desc,71507A4A,keys
"While {talent_name:%s} is at {stacks:%s} Stacks, Toughness replenished from Melee Kills is increased by {toughness_melee_replenish:%s}.",loc_talent_ogryn_heavy_hitter_max_stacks_improves_toughness_description,C7337CD3,keys
"While {talent_name:%s} is at {stacks:%s} Stacks, gain {attack_speed:%s} Attack Speed.",loc_talent_ogryn_heavy_hitter_max_stacks_improves_attack_speed_description,7E2F23B1,keys
Whiteshield 1st Class,loc_havoc_militarium_rank_04,3E32A430,keys
Whiteshield 2nd Class,loc_havoc_militarium_rank_03,82596FFD,keys
"Wield a holy relic which releases pulses of energy every {interval:%s}s. While channeling, Allies in Coherency have Stun Immunity & Invulnerability.

Each pulse Replenishes {toughness:%s} Toughness to Allies in Coherency. If the Ally is at full Toughness they instead gain {flat_toughness:%s} Max Toughness up to a total of {max_toughness}.

Replenishes one pulse every {cooldown:%s}s while not wielded. Stacks {stacks:%s} times.",loc_talent_zealot_bolstering_prayer_description,D32D5EB8,keys
Wildfire,loc_talent_psyker_warpfire_spread,19F630C7,keys
Withering Fire,loc_talent_adamant_damage_after_reloading,8AE492A7,keys
Won't Give In,loc_talent_ogryn_tanky_with_downed_allies,229FA257,keys
Worker Hab Phi-Gamma-4,loc_dam_transition_full,E1906CD2,keys
Wounds,loc_player_stats_element_stat_title_wounds,F38B05D6,uk_cache
Writ of Execution,loc_talent_adamant_stance_elite_kills_stack_damage,E294998F,keys
Writ of Judgement,loc_talent_adamant_bullet_rain_ability,E22C0CC7,keys
You always count as being in at least {coherency_min_stack:%s} Coherency.,loc_talent_zealot_always_in_coherency_description,9D1B1D80,keys
You and Allies in Coherency gain {critical_strike_chance:%s} Critical Hit Chance.,loc_ability_psyker_gunslinger_aura_description,A2000C1D,keys
You and allies in Coherency have a {chance:%d} chance to gain a Grenade on Elite Enemy Kill.,loc_talent_ranger_grenade_on_elite_kills_coop_desc,F7F4363C,keys
"You are blessed with {stacks:%s} Stacks of Feel No Pain. Each Stack grants {toughness_regen:%s} Toughness Replenishment and {damage_reduction:%s} Damage Reduction.

Taking Damage removes one stack. Stacks are restored every {duration:%s}s.",loc_talent_ogryn_carapace_armor_desc,6B4159DB,keys
"You are no longer accompanied by your Cyber-Mastiff. Gain {tdr:%s} Toughness Damage Reduction, and {damage:%s} Damage.",loc_talent_adamant_disable_companion_desc,05054964,keys
You can carry {ammo:%s} extra Grenade(s).,loc_talent_veteran_extra_grenade_description,9F37AD45,keys
"You can now hold up to {max_stacks:%s}
Stacks of {talent_name:%s}.",loc_talent_psyker_increased_empowered_chain_lightning_stacks_description,61957B58,keys
You can obtain {talent_name:%s} Stacks even when it is Active.,loc_talent_adamant_exterminator_stack_during_activation_desc,895962B3,keys
"You care not if you live or die, so long as the foe is vanquished in the God-Emperor's name. As a Preacher, your faith grows stronger as your body tires, empowering your attacks with holy wrath. Your strength comes not from fallible flesh, but from the rapture of righteous, violent triumph!",loc_archetype_specialization_zealot_maniac_description,5EC32E17,keys
You take {damage_taken_multiplier:%s} reduced Damage while bracing a Ranged Weapon.,loc_talent_ogryn_bracing_reduces_damage_taken_desc,7438EDD3,keys
You want trust? Earn it.,loc_trait_bespoke_toughness_on_continuous_fire_alternative_text,FE3E9755,keys
"Your Combat Ability gains {charges:%s} charge, but {ability_cooldown:%s} Cooldown.",loc_talent_veteran_combat_ability_extra_charge_description,157C4806,keys
Your Combat Ability gives you and Allies in Coherency {melee_damage:%s} Melee Base Damage & {ranged_damage:%s} Ranged Base Damage for {duration:%s}s.,loc_talent_veteran_combat_ability_melee_and_ranged_damage_to_coherency_description,EAC713EF,keys
Your Cyber Mastiff counts towards unit Coherency.,loc_talent_adamant_companion_coherency_desc,F0D0F1F5,keys
Your Cyber-Mastiff Electrocutes enemies it attacks for {duration:%s}s.,loc_talent_adamant_dog_attacks_electrocute_desc,F2C7DAFD,keys
Your Cyber-Mastiff applies {stacks:%s} Stacks of Brittleness on attack.,loc_talent_adamant_dog_applies_brittleness_desc,C858C05F,keys
"Your Cyber-Mastiff prioritises Elite and Specialist Enemies, and deals {damage:%s} Damage to them.",loc_talent_adamant_cyber_mastiff_elites_desc,596A5388,keys
"Your Cyber-Mastiff prioritises Ranged Enemies, and deals {damage:%s} Damage to them.",loc_talent_adamant_cyber_mastiff_ranged_desc,52FE19B9,keys
Your Energised Attacks have increased Cleave,loc_trait_bespoke_infinite_armor_cleave_on_activated_attacks_desc,5E652556,keys
"Your Heavy Melee Attacks electrocute enemies hit, Stunning them.",loc_talent_psyker_chain_lightning_heavy_attacks_desc,F224FFD7,keys
Your Kills Replenish an additional {toughness%s} Toughness.,loc_talent_veteran_all_kills_replenish_toughness_description,A8F7B6AF,keys
Your Movement Speed is not reduced while Quelling Peril.,loc_talent_psyker_venting_doesnt_slow_desc,E20EF068,keys
Your Secondary Attack cannot be interrupted and loses {reduction:%s} of Secondary Attack Movement Speed penalties.,loc_trait_bespoke_uninterruptable_while_charging_and_movement_desc,380BF3A7,keys
Your chance of triggering Lucky Bullet is increased to {proc_chance:%s}.,loc_talent_ogryn_increased_leadbelcher_chance_desc,4A7BE75C,keys
"Your {talent_name:%s} now also deals {base_damage:%s}-{max_damage:%s} Damage, based off of your current Peril percentage.",loc_talent_psyker_shout_damage_per_warp_charge_description,D87B6C74,keys
Zealot,loc_class_zealot_name,41DF876B,keys
Zealot,loc_class_zealot_title,D5E7ADEA,keys
Zealot: Preacher,loc_class_zealot-preacher_title,1B615483,keys
Zealous Dedication,loc_talent_adamant_crit_chance_on_kill,AF841369,keys
[UNASSIGNED],loc_keybind_unassigned,886190A1,keys
"{#color(79,175,255)} I need Ammo! {#reset()}",loc_communication_wheel_need_ammo,666F5A05,keys
"{#color(79,175,255)} I need healing! {#reset()}",loc_communication_wheel_need_health,A10478CA,keys
"{#color(79,175,255)} Thanks! {#reset()}",loc_communication_wheel_thanks,FABCACB3,keys
{ability:%s} has a {proc_chance:%s} chance to Stun enemies that pass through it. Specialist enemies have a {special_proc_chance:%s} chance to get Stunned but also damage the {ability:%s}.,loc_talent_psyker_force_field_stun_increased_description,A9DAC497,keys
{ammo:%s} Ammo Capacity.,loc_talent_adamant_ammo_belt_desc,76199C1C,keys
{ammo:%s} Ammo.,loc_talent_veteran_ammo_increase_desc,3DD8AF7F,keys
{ammo:%s} Reduced Ammo use after not shooting for {time:%s}s.,loc_trait_bespoke_first_shot_ammo_cost_reduction_desc,1BE750A9,keys
{attack_speed:%d} Attack Speed and {increase:%d} Martyrdom bonus for {time:%d}s on using Chastise the Wicked.,loc_talent_maniac_attack_speed_after_dash_desc,29DC56F2,keys
{attack_speed:%s} Attack Speed.,loc_talent_stat_attack_speed,A2530496,keys
{attack_speed:%s} Melee Attack Speed.,loc_talent_zealot_attack_speed_desc,9235503C,keys
{base_damage:%s} to all Base Damage for {duration:%s}s after Sprinting. Stacks {stacks:%s} times.,loc_talent_veteran_damage_damage_after_sprinting_desc,584B8C6B,keys
{bullet_amount:%s} bullets loaded from Reserve on Critical Hit.,loc_trait_bespoke_ammo_refill_from_reserve_on_crit_desc,D343E6D7,keys
{chance%s} chance to throw an additional Grenade (this still only consumes a single Grenade).,loc_talent_veteran_extra_grenade_throw_chance_desc,642FC2BF,keys
{cleave:%s} Cleave.,loc_talent_cleave_boost_medium_desc,88737F68,keys
{clip_size:%s} Clip Size.,loc_talent_adamant_clip_size_desc,D24625A9,keys
{combat_ability_cooldown_regen_modifier:%s} Cooldown Regeneration.,loc_talent_stat_combat_ability_cooldown_regen_modifier,04D3484F,keys
"{companion_damage:%s} Damage for your Cyber Mastiff, for {duration:%s}s after using your Combat Ability.",loc_talent_adamant_dog_damage_after_ability_desc,9F9DA5CE,keys
{cooldown:%s} Combat Ability Cooldown Reduction when you or an Ally in Coherency kill an Elite Enemy.,loc_talent_ogryn_cooldown_on_elite_kills_desc,27B9A47A,keys
{cooldown_multiplier:%s} Cooldown Reduction for Assail.,loc_talent_psyker_throwing_knives_reduced_cooldown_description,2108BBBA,keys
{cooldown_reduction:%s} Ability Cooldown Reduction for you and Allies in Coherency.,loc_talent_psyker_aura_reduced_ability_cooldown_description,ED9F8507,keys
{cooldown_reduction:%s} Ability Cooldown Reduction for {duration:%s}s when Lucky Bullet triggers.,loc_talent_ogryn_leadbelcher_grant_cooldown_reduction_desc,5AACC61B,keys
"{cooldown_reduction:%s} Cooldown Reduction on Abilities for you and Allies in Coherency.

This is an augmented version of {talent_name:%s}.",loc_talent_psyker_cooldown_aura_improved_description,8DAF59BE,keys
{cooldown_restore:%s} of Damage taken is converted to Ability Cooldown Reduction.,loc_talent_zealot_damage_taken_restores_cd_description,3725660F,keys
{corruption:%s} Corruption Resistance and {toxic_reduction:%s} Reduced Damage Taken from Toxic Gas.,loc_talent_adamant_rebreather_desc,0E416297,keys
{cost:%s} Sprint Stamina cost.,loc_talent_zealot_reduced_sprint_cost_description,CBA7952A,keys
{count:%d} Operative slots remaining,loc_main_menu_slots_remaining,89EE11E8,keys
{crit_chance%s} Melee Critical Hit Chance & {finesse%s} Melee Finesse Bonus.,loc_talent_veteran_increased_melee_crit_chance_and_melee_finesse_desc,0FFE42C2,keys
{crit_chance:%s} Critical Chance for each expended round in your weapon (resets on reload).,loc_trait_bespoke_crit_chance_based_on_ammo_left_desc,B19FE517,keys
{crit_chance:%s} Critical Hit Chance for {duration:%s}s on successful Dodge. Stacks {stacks:%s} times.,loc_talent_veteran_dodging_grants_crit_description,46119770,keys
{crit_chance:%s} Critical Hit Chance for {duration:%s}s when in Fury. Fury is triggered when {max_stacks:%s} Enemies have died within {radius:%s}m.,loc_talent_zealot_fanatic_rage_desc,22AFD84A,keys
{crit_chance:%s} Critical Hit Chance from {talent_name:%s}.,loc_talent_zealot_fanatic_rage_improved_desc,CDE6C5FF,keys
{crit_chance:%s} Critical Hit Chance.,loc_talent_crit_chance_low_desc,3019333A,keys
{crit_chance:%s} Critical Strike Chance on Kill. {max_stacks:%s} Stacks. Lasts {duration:%s}s.,loc_talent_adamant_crit_chance_on_kill_desc,4411328C,keys
{critical_chance:%s} Critical Chance for you and allies in Coherency.,loc_talent_broker_aura_anarchist_desc,D1AB227E,keys
{critical_strike_chance:%s} Critical Strike Chance.,loc_talent_stat_critical_strike_chance,A4E46663,keys
{damage%s} Damage (Ogryns & Monstrosities).,loc_talent_veteran_big_game_hunter_description,D17359F1,keys
"{damage:%d} Damage (Ogryns and Monstrosities) during Volley Fire. 

Volley Fire Designates Ogryns and Monstrosities as Priority Targets. 

Killing a Designated Enemy during Volley Fire refreshes its duration.",loc_talent_ranger_volley_fire_big_game_hunter_desc,51C2BC83,keys
{damage:%s} Base Damage (Elite Enemies).,loc_talent_veteran_increase_damage_vs_elites_desc,DB5E86D9,keys
"{damage:%s} Damage against Bulwarks, Crushers, Plague Ogryns and Reapers. Also receive {damage_reduction:%s} Damage Reduction against the same.",loc_talent_ogryn_ogryn_fighter_desc,D9A22157,keys
{damage:%s} Damage against Suppressed Enemies for you and Allies in Coherency.,loc_talent_ogryn_damage_vs_suppressed_desc,0E7E0420,keys
{damage:%s} Damage and {movement_speed:%s} Movement Speed on Elite or Specialist Kill.,loc_talent_adamant_elite_special_kills_offensive_boost_desc,EED6FED1,keys
{damage:%s} Damage bonus & {stagger:%s} Impact bonus to your fully charged Melee Attack.,loc_talent_ogryn_fully_charged_attacks_gain_damage_and_stagger_desc,BD850D2C,keys
{damage:%s} Damage for you and Allies in Coherency.,loc_talent_veteran_damage_coherency_desc,9A17FBD0,keys
{damage:%s} Damage for {duration:%s}s after Successful Dodge.,loc_talent_adamant_dodge_grants_damage_desc,AD9CD3F2,keys
{damage:%s} Damage for {duration:%s}s after being Hit by a Melee Attack.,loc_talent_ogryn_revenge_damage_desc,373BD4E2,keys
{damage:%s} Damage for {duration:%s}s on Heavy Attack Hit. Stacks {stacks:%s} times.,loc_talent_ogryn_passive_heavy_hitter_desc,61111933,keys
{damage:%s} Damage on Melee Backstab Hits.,loc_talent_zealot_increased_backstab_damage_description,9DD7BDB0,keys
{damage:%s} Damage on Successful Attack. {stacks:%s} Max Stacks. Lasts {duration:%s}s.,loc_talent_adamant_stacking_damage_desc,8191A7BF,keys
{damage:%s} Damage to Enemies above {health:%s} Health.,loc_talent_adamant_increased_damage_to_high_health_desc,C5936E7C,keys
{damage:%s} Damage to Force Staff's Primary Attacks after Fully Charged Force Staff Secondary Attacks. Lasts {time:%s}s.,loc_talent_psyker_force_staff_bonus_desc,9DEEB0D5,keys
{damage:%s} Damage to Ogryns and Monstrosities.,loc_talent_adamant_monster_hunter_desc,7EC647C9,keys
{damage:%s} Damage to Ranged Backstab Attacks.,loc_talent_zealot_increased_flanking_damage_description,19928629,keys
"{damage:%s} Damage to your next Heavy Melee Attack on Enemy Stagger. Stacks {stacks:%s} times. Lasts {duration:%s}s. The larger the Enemy, the more Stacks are earned.",loc_talent_ogryn_big_bully_heavy_hits_desc,C4D737BB,keys
{damage:%s} Heavy Melee Attack Damage for you and Allies in Coherency.,loc_talent_ogryn_2_base_4_description_new,36195984,keys
"{damage:%s} Melee Attack Damage for you and Allies in Coherency.

This is an augmented version of {talent_name:%s}.",loc_talent_damage_aura_improved_new,68DA370D,keys
{damage:%s} Melee Damage and {impact:%s} Impact on first Enemy hit with each attack.,loc_talent_adamant_first_melee_hit_increased_damage_desc,B13D7BB8,keys
"{damage:%s} Melee Damage for each missing Wound, up to a maximum of {max_wounds:%s} missing Wounds.",loc_talent_zealot_martyrdom_desc,B90DA3CE,keys
{damage:%s} Melee Damage for {duration:%s}s when Stamina is depleted.,loc_talent_zealot_increased_damage_on_low_stamina_description,69CC7E0F,keys
{damage:%s} Melee Damage for {time:%s}s on Hitting an Enemy with a Melee Attack. Stacks {amount:%s} times.,loc_talent_zealot_increased_damage_stacks_on_hit_desc,FA8C449F,keys
{damage:%s} Ranged Damage for {duration:%s}s after Reloading.,loc_talent_adamant_damage_after_reloading_desc,E68C7C57,keys
{damage:%s} Ranged Damage for {duration:%s}s on reload.,loc_talent_ogryn_ranged_damage_on_reload_desc,A8BC8A04,keys
{damage:%s} Ranged Damage on Melee Staggering Hits. Lasts {duration:%s}s.,loc_talent_adamant_ranged_damage_on_melee_stagger_desc,B76999A7,keys
{damage:%s} Weak Spot Damage.,loc_talent_veteran_increased_weakspot_damage_desc,8C42B6FB,keys
{damage:%s} Weakspot & Critical Hit damage for {duration:%s}s on successful Dodge.,loc_talent_zealot_increased_finesse_post_dodge_description,8D12D159,keys
{damage_reduction:%s} Damage Resistance per Bleeding Enemy in Melee range. Stacks {max_stacks:%s} times.,loc_talent_ogryn_damage_reduction_per_bleed_desc,2F439BA8,keys
"{damage_reduction:%s} Toughness Damage Reduction for you and Allies in Coherency.

This is an augmented version of {talent_name:%s}.",loc_talent_zealot_aura_efficiency_desc,03721165,keys
{damage_taken:%s} Damage Reduction for each Knocked Down or Incapacitated Ally within {range:%s} metres.,loc_talent_ogryn_tanky_with_downed_allies_desc,3845CEFA,keys
{damage_taken:%s} Warp-Damage Taken by victims of your Force Staff's Primary Attack. Max Stacks {max_stacks:%s}. Lasts {duration:%s}s.,loc_talent_psyker_force_staff_quick_attack_bonus_desc,C4F73F93,keys
{damage_taken_multiplier:%s} Damage Reduction while charging Melee Attacks.,loc_talent_ogryn_windup_reduces_damage_taken_desc,FED4526C,keys
{damage_taken_multiplier:%s} Damage Reduction.,loc_talent_stat_damage_taken_multiplier,9A749A67,keys
{damage_vs_staggered:%s} Damage vs Staggered.,loc_talent_adamant_damage_vs_staggered_aura_desc,C791C6BB,keys
{damage_vs_suppressed:%s} Damage vs Suppressed Enemies.,loc_talent_adamant_damage_vs_suppressed_desc,0E174B92,keys
{dodge_cooldown_reset_modifier:%s} Dodge Recovery Speed.,loc_talent_stat_dodge_cooldown_reset_modifier,1863559C,keys
{dodge_distance_modifier:%s} Dodge Distance.,loc_talent_stat_dodge_distance_modifier,AC38CED9,keys
{dodge_speed_multiplier:%s} Dodge Speed.,loc_talent_stat_dodge_speed_multiplier,F5994101,keys
{duration:%s}s Stamina Regeneration Delay Reduction,loc_talent_stamina_regen_delay_desc,3866D2FF,keys
{finesse_modifier_bonus:%s} Finesse.,loc_talent_stat_finesse_modifier_bonus,B004D6A5,keys
{fire_rate:%s} Fire Rate during {talent_name:%s}.,loc_talent_adamant_bullet_rain_fire_rate_desc,6F2D7FFA,keys
{impact:%s} Impact.,loc_talent_impact_boost_medium_desc,F61917FA,keys
{impact_modifier:%s} Stagger on Melee Weakspot Hits.,loc_talent_zealot_increased_stagger_on_weakspot_melee_description,34C71C0C,keys
"{killer:%s}{#color(216,237,190)} killed {#color(246,69,69)}{victim:%s}",loc_hud_combat_feed_kill_message,455FFE64,keys
{max_dr:%s} Damage Resistance per Enemy affected by Soulblaze in Melee Range. Stacks {max_stacks:%s} times.,loc_talent_psyker_nearby_soulblaze_reduced_damage_desc,E76EF61B,keys
{melee_attack_speed:%s} Melee Attack Speed for {duration:%s}s on hitting {hits:%s} or more enemies with a Melee Attack.,loc_talent_adamant_multiple_hits_attack_speed_desc,8C88FC12,keys
{melee_attack_speed:%s} Melee Attack Speed.,loc_talent_psyker_melee_attack_speed_desc,10F28165,keys
{melee_attack_speed:%s} Melee Attack Speed.,loc_talent_veteran_attack_speed_description,DFF95AA9,keys
{melee_damage:%s} Melee Damage for you and Allies in Coherency.,loc_talent_broker_aura_ruffian_desc,A241F5B9,keys
{melee_damage:%s} Melee Damage.,loc_talent_melee_damage_boost_medium_desc,7B5DA013,keys
{movement_speed%s} Movement Speed for {duration%s} seconds when your Toughness is broken.,loc_talent_veteran_movement_speed_on_toughness_broken_desc,7DD269C9,keys
{movement_speed:%s} Movement Speed for you and Allies in Coherency.,loc_talent_veteran_movement_speed_coherency_desc,8234F832,keys
{movement_speed:%s} Movement Speed for {duration:%s}s on Ranged Kill.,loc_talent_ogryn_ranged_kill_grant_movement_speed_desc,B22AFEDC,keys
{movement_speed:%s} Movement Speed on Block. Lasts {duration:%s}s.,loc_talent_adamant_movement_speed_on_block_desc,85C7CADC,keys
{movement_speed:%s} Movement Speed.,loc_talent_movement_speed_low_desc,6155FB5E,keys
{movement_speed:%s} Movement Speed.,loc_talent_stat_movement_speed,090B8BE4,keys
{peril_reduction:%s} Peril Generation. {toughness_reduction:%s} Toughness Replenished.,loc_talent_psyker_warp_glass_cannon_desc,3E435C7D,keys
"{power%s} Close Damage for {duration%s}s on Combat Ability use.

When using {talent_name:%s}, this begins on leaving Stealth.",loc_talent_veteran_ability_assault_desc,1EB58318,keys
{power:%s} Strength (next 3 attacks) on Weapon Special attack Hit. ,loc_trait_bespoke_increased_power_on_weapon_special_follow_up_hits_desc,03D3556A,keys
{power:%s} Toxin Strength.,loc_talent_toxin_damage_boost_desc,F89FF0B1,keys
{power_level:%s} Strength bonus for {time:%s} seconds after hitting multiple enemies with your weapon special explosion.,loc_trait_bespoke_power_bonus_after_weapon_special_multiple_desc,2EBCCB70,keys
{power_level:%s} Strength bonus on your ranged attack for {time:%s} seconds after cleaving through several enemies with your weapon's special attack.,loc_trait_bespoke_shot_power_bonus_after_weapon_special_cleave_desc,8EC0AE8A,keys
{power_level:%s} Strength.,loc_talent_stat_power_level,F8A49D31,keys
{power_level:%s}Melee Strength for  {time:%s}s on Hitting 3+ Enemies with a Ranged Attack.,loc_trait_bespoke_weapon_special_power_bonus_after_one_shots_desc,8BB6569B,keys
{power_light:%s} Damage against Enemies that are Staggered. Medium and Heavy Staggered Enemies instead take {power_heavy:%s}.,loc_talent_broker_passive_damage_vs_heavy_staggered_desc_02,6DC4E3B1,keys
{proc_chance:%s} chance of triggering Lucky Bullet and not consuming Ammo when making Ranged Attacks.,loc_talent_ogryn_chance_to_not_consume_ammo_desc,4FF5A3EC,keys
"{proc_chance:%s} chance of {damage:%s} Base Damage, {melee_impact:%s} Melee Impact & {suppression:%s} Suppression for {duration:%s}s whenever an Ally kills an Enemy.",loc_talent_veteran_ally_kills_increase_damage_description,4B7D2D48,keys
{queue:%d} more,loc_notification_queue_more,C877D5DC,keys
{radius%s} Aura radius.,loc_talent_veteran_increased_aura_radius_description,20CCAD7F,keys
{radius:%s} Coherency radius.,loc_talent_ogryn_bigger_coherency_radius_desc,E8F86074,keys
{radius_modifier:%s} Radius for your Coherency Aura.,loc_talent_psyker_coherency_size_increase_description,5556945E,keys
{ranged_damage:%s} Base Ranged Damage when there are no Enemies within {radius:%s}m.,loc_talent_veteran_ranged_power_out_of_melee_desc,366ECF53,keys
{ranged_damage:%s} Ranged Damage.,loc_talent_ranged_damage_medium_desc,D752C671,keys
{recoil_modifier:%s} Recoil.,loc_talent_stat_recoil_modifier,302C7F95,keys
{reload_speed:%d} Reload Speed if you have Ammo in your weapon.,loc_talent_ranger_reload_speed_empty_mag_desc,9D81AE3B,keys
{reload_speed:%s} Reload Speed on Elite & Specialist Enemy Kill.,loc_talent_veteran_reload_speed_on_elite_kill_desc,7C429A4B,keys
{reload_speed:%s} Reload Speed on Melee Kill. Stacks {max_stacks:%s} times.,loc_talent_zealot_increased_reload_speed_on_melee_kills_desc,954D2066,keys
{reload_speed:%s} Reload Speed on next reload after Elite Kill or Specialist Kill.,loc_talent_adamant_elite_special_kills_reload_speed_desc,79AD9249,keys
{reload_speed:%s} Reload Speed while below {threshold:%s} Peril. On Reload generate up to {warp_charge:%s} Peril based on the Percentage of the Clip Restored.,loc_talent_psyker_reload_speed_warp_desc,62B8A0D4,keys
{reload_speed:%s} Reload Speed.,loc_talent_reload_speed_low_desc,27A41C09,keys
{reload_speed:%s} Reload Speed.,loc_talent_reload_speed_medium_desc,B3377205,keys
{reload_speed:%s} Reload Speed.,loc_talent_stat_reload_speed,9020F1A1,keys
{rend:%s} stacks of Brittleness on Energised Hit.,loc_trait_bespoke_armor_rend_on_activated_attacks_desc,814FEACC,keys
{rending:%s} Rending on Backstab Hit.,loc_trait_bespoke_rending_on_backstabs_desc,EA32467A,keys
{rending:%s} Rending on Critical Strike.,loc_talent_adamant_crits_rend_desc,37F4D9DD,keys
{rending:%s} Rending on Staggered Enemies.,loc_talent_adamant_melee_attacks_on_staggered_rend_desc,0DFC20ED,keys
{rending:%s} Rending on Warp-Attacks.,loc_talent_psyker_warp_attacks_rending_desc,AAFF6D16,keys
{rending:%s} Rending vs Staggered Enemies.,loc_trait_bespoke_armor_penetration_against_staggered_desc,4D4F20BD,keys
"{rending:%s} Rending when at, or over, {stacks:%s} stacks of Focus.",loc_talent_veteran_snipers_focus_rending_bonus_description,9B41F430,keys
{rending:%s} Rending.,loc_talent_armor_pen_low_desc,0D2D4E60,keys
{rending_multiplier:%s} Rending for {duration:%s}s on Elite Kill.,loc_talent_ogryn_rending_on_elite_kills_desc,4203DE9C,keys
{rending_multiplier:%s} Rending to your Ranged Attacks while {ability:%s} is active.,loc_talent_ogryn_special_ammo_armor_pen_desc,9EB2834E,keys
{rending_multiplier:%s} Rending.,loc_talent_stat_rending_multiplier,0DD2DF4E,keys
"{revive_speed:%s} Assist Speed & Revive Speed. {movement_speed%s} Movement Speed and Stun Immunity when moving towards a Knocked Down or Incapacitated Ally. Whenever you Revive a Knocked Down Ally, they receive {damage_reduction%s} Damage Reduction for {duration%s}s.",loc_talent_veteran_movement_speed_towards_downed_description,30D79EF9,keys
{spread:%s} Spread and {recoil:%s} Recoil for {duration:%s}s on successful Dodge. ,loc_talent_zealot_improved_spread_post_dodge_desc,B7D4F75A,keys
{stacks:%s} Stack(s) of Bleed to the target on Melee Hit.,loc_talent_veteran_hits_cause_bleed_desc,B1249139,keys
{stagger:%s} Impact bonus on Melee Attacks.,loc_talent_ogryn_melee_stagger_desc,DB8406CE,keys
{stamina:%s} Stamina.,loc_talent_stamina_low_desc,42FD8A6B,keys
{stamina_cost_multiplier:%s} Stamina Cost.,loc_talent_stat_stamina_cost_multiplier,26FBF08F,keys
{suppression:%s} Ranged Attack Suppression.,loc_talent_veteran_increase_suppression_desc,DCDB4DAB,keys
{swap_speed} Weapon Swap Speed.,loc_talent_veteran_reduce_swap_time_desc,8DE5CB15,keys
{talent_name:%s} Duration is refreshed by Light Attacks.,loc_talent_ogryn_heavy_hitter_light_attacks_refresh_description,EE66B755,keys
{talent_name:%s} applies {min_stacks:%s}{warpfire_stacks:%s} Stack(s) of Soulblaze to targets Hit based on your current Peril.,loc_talent_psyker_warpfire_on_shout_desc,8EC3E5F7,keys
"{talent_name:%s} grants an additional {damage:%s} Finesse Damage & {damage_2:%s} Backstab Damage, but increases Ability Cooldown by {cooldown:%s}.",loc_talent_zealot_stealth_increased_damage_description,DC9D0FA8,keys
{talent_name:%s} grants {attack_speed:%s} Attack Speed per missing Wound.,loc_talent_zealot_attack_speed_per_martyrdom_desc,B0D509C5,keys
{talent_name:%s} grants {toughness_damage_reduction:%s} Toughness Damage Reduction per missing Wound.,loc_talent_zealot_martyrdom_grants_toughness_desc,0A4E762F,keys
{talent_name:%s} grants {toughness_regen:%s} Toughness Replenishment per stack.,loc_talent_ogryn_carapace_armor_more_toughness_desc,2FD914FF,keys
{talent_name:%s} has {radius:%s} Radius.,loc_talent_ogryn_taunt_radius_increase_desc,986BC7CD,keys
{talent_name:%s} now also grants {damage%s} Damage for {duration%s}s when leaving Stealth.,loc_talent_veteran_damage_bonus_leaving_invisibility_desc,CA248BEB,keys
{talent_name:%s} now also increases your Movement Speed by {movement_speed:%s} while active.,loc_ability_psyker_overcharge_movement_speed_description,5F1DA172,keys
"{talent_name:%s} now also prevents overloading from Perils of the Warp, during its lingering effect.",loc_talent_psyker_overcharge_infinite_casting_desc,10334171,keys
{talent_name:%s} now also provides you and Allies in Coherency with {toughness:%s} Toughness for {duration:%s}s. This can exceed your maximum Toughness.,loc_talent_veteran_combat_ability_increase_and_restore_toughness_to_coherency_description,B4E057EF,keys
{talent_name:%s} now also reduces your Peril Generated by {warp_charge:%s} while active.,loc_ability_psyker_overcharge_reduced_warp_charge_description,C9A14746,keys
"{talent_name:%s} now decreases Peril Generation by {warp_generation:%s} for each Enemy hit, Stacking {max_stacks:%s} times. Lasts {duration:%s}s.",loc_talent_psyker_shout_reduces_warp_charge_generation_description,57DF8E08,keys
{talent_name:%s} now has {charges:%s} charges.,loc_talent_zealot_dash_has_more_charges_desc,13ADE9BB,keys
{talent_name:%s} now holds up to {max_charges:%s} charges.,loc_talent_psyker_force_field_charges_description,5D19EE30,keys
{talent_name:%s} now outlines Elite & Specialist Enemies for Allies in Coherency for {duration:%s}s.,loc_talent_veteran_combat_ability_coherency_outlines_description,5A8D783E,keys
{talent_name:%s} now outlines all human-sized Ranged Enemies.,loc_talent_veteran_combat_ability_ranged_enemies_outlines_description,CC0D22DD,keys
{talent_name:%s} now takes the shape of a large sphere.,loc_talent_psyker_force_field_dome_desc,47044F8B,keys
{talent_name:%s} provides {tdr%s} Toughness Damage Reduction for {duration%s}s on leaving Stealth.,loc_talent_veteran_toughness_bonus_leaving_invisibility_desc,59344E21,keys
"{talent_name:%s} revives Knocked Down Allies within Radius, but also reduces that Radius by {range%s} & increases your Ability Cooldown by {ability_cooldown:%s}.",loc_talent_veteran_combat_ability_revives_description,92EEA3A8,keys
"{threat_multiplier:%s} Threat for {duration:%s}s after using your Combat Ability.

When using {talent_name:%s}, this is applied after leaving Stealth.",loc_talent_veteran_reduced_threat_after_combat_ability_desc,E0F44BF3,keys
{toughness:%s} Coherency Toughness Regeneration.,loc_talent_zealot_increased_coherency_regen_desc,BCC4D683,keys
{toughness:%s} Toughness Damage Reduction.,loc_talent_toughness_damage_reduction_low_desc,A9189794,keys
{toughness:%s} Toughness Damage Reduction.,loc_talent_toughness_damage_reduction_medium_desc,1272BCC0,keys
{toughness:%s} Toughness Regeneration per second for {time:%s}s on Elite Special Action Hit.,loc_trait_bespoke_toughness_regen_on_punching_elites_desc,876CCDEA,keys
{toughness:%s} Toughness Replenishment on Melee Kill.,loc_talent_zealot_toughness_on_melee_kill_desc,8C5884BB,keys
{toughness:%s} Toughness for every shot fired during continuous fire. Stacks {stacks:%s} times.,loc_trait_bespoke_toughness_on_continuous_fire_alternative_desc,E354597F,keys
{toughness:%s} Toughness for every {ammo:%s} of magazine spent during continuous fire. Stacks {stacks:%s} times.,loc_trait_bespoke_toughness_on_continuous_fire_desc,10C63621,keys
{toughness:%s} Toughness on Close Range Kill.,loc_trait_bespoke_toughness_on_close_range_kills_desc,4E26A0B5,keys
{toughness:%s} Toughness on Critical Hit Kill.,loc_trait_bespoke_toughness_on_crit_kills_desc,F3F6D906,keys
{toughness:%s} Toughness on Elite Kill.,loc_trait_bespoke_toughness_on_elite_kills_desc,50E9547A,keys
{toughness:%s} Toughness.,loc_talent_adamant_armor_desc,0604CED3,keys
{toughness:%s} Toughness.,loc_talent_adamant_plasteel_plates_desc,A25DB61A,keys
{toughness:%s} Toughness.,loc_talent_toughness_boost_low_desc,2E448DA8,keys
{toughness:%s} Toughness.,loc_talent_toughness_boost_medium_desc,329702B6,keys
{toughness:%s} toughness on Chained Hit.,loc_trait_bespoke_toughness_recovery_on_chained_attacks_desc,480A6AAE,keys
{toughness_damage_reduction:%s} Toughness Damage Reduction on Critical Hit for {time:%s}s.,loc_talent_zealot_toughness_melee_effectiveness_desc,56B689EB,keys
{toughness_multiplier:%s} Coherency Toughness Regeneration.,loc_talent_ogryn_coherency_toughness_increase_desc,D0729082,keys
{toughness_multiplier:%s} Toughness Replenishment while below {health:%s} Health. ,loc_talent_ogryn_toughness_gain_increase_on_low_health_desc,191AC350,keys
{toughness_regen:%s} Toughness Regeneration while bracing your Ranged weapon.,loc_talent_ogryn_toughness_regen_while_bracing_desc,EA275189,keys
{toughness_regen_rate_modifier:%s} Toughness Replenishment for you and Allies in Coherency.,loc_talent_ogryn_toughness_regen_aura_desc,89218B06,keys
{toughness_replenish_modifier:%s} Toughness Replenishment.,loc_talent_stat_toughness_replenish_modifier,805FDB71,keys
{toughness_replenish_multiplier:%s} Toughness Replenishment for each stack of Focus.,loc_talent_veteran_snipers_focus_toughness_bonus_description,9BE9C6AD,keys
{warp_charge:%s} Peril Generation.,loc_talent_warp_charge_low_desc,47F3160C,keys
{warp_charge_amount:%s} Peril Generation Reduction for each Warp Charge.,loc_talent_psyker_reduced_warp_charge_cost_venting_speed_desc,E3048A81,keys
{warp_damage:%s} Damage to Warp Attacks for {duration:%s}s after a non-Warp based Kill. Stacks {stacks:%s} times.,loc_talent_psyker_kills_stack_other_weapon_damage_description,48BBC9E1,keys
{wield_speed:%s} Weapon Swap Speed.,loc_talent_adamant_wield_speed_aura_desc,7DFF4D4F,keys
{wield_speed:%s} Weapon Swap Speed.,loc_talent_stat_wield_speed,D0347040,keys
